time,open,high,low,close,Volume,Volume MA,Volume,Volume MA,RSI,OnBalanceVolume,Accumulation/Distribution,Accumulation/Distribution,OnBalanceVolume,ADX,Aroon Up,Aroon Down,Histogram,MACD,Signal,RSI,%K,%D
1438560000,2.83162,3.52499,0.631633,0.748064,0,NaN,0,NaN,NaN,NaN,0,0,NaN,NaN,NaN,NaN,NaN,NaN,NaN,NaN,NaN,NaN
1439164800,0.748064,2.22679,0.650267,1.48124,0,NaN,0,NaN,NaN,0,0,0,0,NaN,NaN,NaN,NaN,NaN,NaN,NaN,NaN,NaN
1439769600,1.48124,1.56603,1.11556,1.3597,0,NaN,0,NaN,NaN,0,0,0,0,NaN,NaN,NaN,NaN,NaN,NaN,NaN,NaN,NaN
1440374400,1.3597,1.36799,1.07725,1.32773,0,NaN,0,NaN,NaN,0,0,0,0,NaN,NaN,NaN,NaN,NaN,NaN,NaN,NaN,NaN
1440979200,1.32773,1.39274,1.2119,1.29844,0,NaN,0,NaN,NaN,0,0,0,0,NaN,NaN,NaN,NaN,NaN,NaN,NaN,NaN,NaN
1441584000,1.29844,1.30231,0.917519,0.942978,0,NaN,0,NaN,NaN,0,0,0,0,NaN,NaN,NaN,NaN,NaN,NaN,NaN,NaN,NaN
1442188800,0.942978,1.04551,0.834555,0.947741,0,NaN,0,NaN,NaN,0,0,0,0,NaN,NaN,NaN,NaN,NaN,NaN,NaN,NaN,NaN
1442793600,0.947741,0.956595,0.716408,0.721488,0,NaN,0,NaN,NaN,0,0,0,0,NaN,NaN,NaN,NaN,NaN,NaN,NaN,NaN,NaN
1443398400,0.721488,0.741767,0.570101,0.66482,0,NaN,0,NaN,NaN,0,0,0,0,NaN,NaN,NaN,NaN,NaN,NaN,NaN,NaN,NaN
1444003200,0.66482,0.692296,0.593559,0.634807,0,NaN,0,NaN,NaN,0,0,0,0,NaN,NaN,NaN,NaN,NaN,NaN,NaN,NaN,NaN
1444608000,0.634807,0.657789,0.490826,0.514461,0,NaN,0,NaN,NaN,0,0,0,0,NaN,NaN,NaN,NaN,NaN,NaN,NaN,NaN,NaN
1445212800,0.514461,0.687019,0.423512,0.647926,0,NaN,0,NaN,NaN,0,0,0,0,NaN,NaN,NaN,NaN,NaN,NaN,NaN,NaN,NaN
1445817600,0.647926,1.33994,0.599146,1.06304,0,NaN,0,NaN,NaN,0,0,0,0,NaN,NaN,NaN,NaN,NaN,NaN,NaN,NaN,NaN
1446422400,1.06304,1.09529,0.766014,1.03268,0,NaN,0,NaN,NaN,0,0,0,0,NaN,NaN,NaN,NaN,NaN,NaN,NaN,19.641216220137625,NaN
1447027200,1.03268,1.10642,0.75536,0.913996,0,NaN,0,NaN,53.44671439206615,0,0,0,0,NaN,0,78.57142857142857,NaN,NaN,NaN,53.44671439206615,27.199577658020566,NaN
1447632000,0.913996,1.03295,0.892811,0.965312,0,NaN,0,NaN,54.49151873106731,0,0,0,0,NaN,0,71.42857142857143,NaN,NaN,NaN,54.49151873106731,47.42157235159533,31.420788743251176
1448236800,0.965312,0.968857,0.822203,0.872049,0,NaN,0,NaN,52.19861976957229,0,0,0,0,NaN,0,64.28571428571429,NaN,NaN,NaN,52.19861976957229,46.27775920629614,40.299636405304014
1448841600,0.872049,0.893696,0.791756,0.84216,0,NaN,0,NaN,51.45141435546962,0,0,0,0,NaN,7.142857142857143,57.142857142857146,NaN,NaN,NaN,51.45141435546962,43.19396468116893,45.63109874635347
1449446400,0.84216,1.04537,0.775487,0.960356,0,NaN,0,NaN,54.24096303147282,0,0,0,0,NaN,0,50,NaN,NaN,NaN,54.24096303147282,58.58005211538713,49.35059200095073
1450051200,0.960356,1.02884,0.891706,0.905563,0,0,0,0,52.72841538184937,0,0,0,0,NaN,50,42.857142857142854,NaN,NaN,NaN,52.72841538184937,52.60107722592501,51.45836467416036
1450656000,0.905563,0.91739,0.843032,0.859714,0,0,0,0,51.435894866269386,0,0,0,0,NaN,42.857142857142854,35.714285714285715,NaN,NaN,NaN,51.435894866269386,47.5980655326987,52.926398291336945
1451260800,0.859714,0.990845,0.833694,0.973616,0,0,0,0,54.42476992156782,0,0,0,0,NaN,35.714285714285715,28.571428571428573,NaN,NaN,NaN,54.42476992156782,60.02697429585304,53.40870568482558
1451865600,0.973616,1.00103,0.93187,0.996282,0,0,0,0,55.01804878750766,0,0,0,0,NaN,28.571428571428573,21.428571428571427,NaN,NaN,NaN,55.01804878750766,62.50027279829949,56.70843754228374
1452470400,0.996282,1.3187,0.996282,1.31291,0,0,0,0,62.38446662368619,0,0,0,0,NaN,21.428571428571427,14.285714285714286,NaN,NaN,NaN,62.38446662368619,97.05050478597339,73.19258396004197
1453075200,1.31291,2.29617,1.31233,2.15436,0,0,0,0,74.38830352162039,0,0,0,0,NaN,100,7.142857142857143,NaN,NaN,NaN,74.38830352162039,92.42734124437031,83.99270627621439
1453680000,2.15436,2.82578,2.07034,2.35908,0,0,0,0,76.3645175360858,0,0,0,0,NaN,100,0,NaN,0.29930338503463405,NaN,76.3645175360858,79.04011166630889,89.5059858988842
1454284800,2.35908,3.05473,2.13285,2.96829,0,0,0,0,81.05036296276623,0,0,0,0,NaN,100,0,NaN,0.4056674879725448,NaN,81.05036296276623,96.24070941170842,89.23605410746255
1454889600,2.96829,6.55214,2.92454,5.27387,0,0,0,0,89.51911371855996,0,0,0,0,26.34980330187308,100,7.142857142857143,NaN,0.6682991072205084,NaN,89.51911371855996,77.94861975096516,84.40981360966083
1455494400,5.27387,5.86678,3.47771,4.71151,0,0,0,0,80.11435408218908,0,0,0,0,30.656912752862336,92.85714285714286,0,NaN,0.8215880498538648,NaN,80.11435408218908,68.1367393887083,80.77535618379396
1456099200,4.71151,6.64741,4.66695,6.44995,0,0,0,0,85.2672002723636,0,0,0,0,34.78177252970008,100,21.428571428571427,NaN,1.0710023718617205,NaN,85.2672002723636,96.63721748394863,80.90752554120736
1456704000,6.44995,12.274,6.16405,11.1925,0,0,0,0,91.63517417517535,0,0,0,0,39.03035661219555,100,14.285714285714286,NaN,1.6325303748950928,NaN,91.63517417517535,90.59443599359328,85.1227976220834
1457308800,11.1925,15.1929,8.84723,15.0377,0,0,0,0,93.92711249057196,0,0,0,0,43.06567752691627,100,7.142857142857143,NaN,2.360609233398218,NaN,93.92711249057196,98.92352393595161,95.38505913783116
1457913600,15.0377,15.0377,8.70627,10.4011,0,0,0,0,69.27777152139421,0,0,0,0,46.654710337057814,92.85714285714286,0,NaN,2.534268632699547,NaN,69.27777152139421,66.62907405883027,85.38234466279171
1458518400,10.4011,12.4626,10.2034,10.4248,0,0,0,0,69.3220888450015,0,0,0,0,49.98738366076068,85.71428571428571,14.285714285714286,1.2614915825154434,2.64333661069689,1.3818450281814467,69.3220888450015,66.794124967634,77.44890765413862
1459123200,10.4248,12.1705,10.4248,11.5907,0,0,0,0,71.50010785623793,0,0,0,0,53.08200888991333,78.57142857142857,7.142857142857143,1.1278611805570429,2.79167150387775,1.6638103233207073,71.50010785623793,74.9136546965062,69.44561790765682
1459728000,11.5907,11.6183,7.83338,8.91538,0,0,0,0,60.82824397180839,0,0,0,0,53.10764171571435,71.42857142857143,0,0.79907857318461,2.6626585398014697,1.8635799666168598,60.82824397180839,55.98130008842279,65.896359917521
1460332800,8.91538,9.702,7.09149,9.41497,0,0,0,0,61.96976846352173,0,0,0,0,52.47616472922959,64.28571428571429,0,0.5660077490771842,2.57108965296334,2.005081903886156,61.96976846352173,59.30065879070635,63.398537858545126
1460937600,9.41497,9.45415,7.73694,8.01953,0,0,0,0,56.97538825841705,0,0,0,0,51.88979324177946,57.142857142857146,0,0.28291874058975086,2.358730329623344,2.0758115890335933,56.97538825841705,48.320782215715916,54.534247031615024
1461542400,8.01953,9.3282,7.10771,8.78903,0,0,0,0,58.9405443600347,0,0,0,0,50.77294027072513,50,0,0.12083588082053698,2.2268564400592643,2.1060205592387273,58.9405443600347,51.19953728540773,52.940326097276674
1462147200,8.78903,10.3215,8.78903,9.50566,0,0,0,0,60.73905054776729,0,0,0,0,50.12871515483832,42.857142857142854,0,0.03944453282655136,2.1553262252719163,2.115881692445365,60.73905054776729,56.45315293586167,51.99115747899511
1462752000,9.50566,11.0505,9.23745,9.96902,0,0,0,0,61.90108653509879,0,0,0,0,49.7961046884317,35.714285714285715,0,-0.0033572716706293804,2.111685102857078,2.1150423745277074,61.90108653509879,57.419899644288236,55.02419662185255
1463356800,9.96902,15.0482,9.96419,14.2864,0,0,0,0,70.62518159409055,0,0,0,0,50.553618336059394,28.571428571428573,0,0.22623404801846103,2.397834934550784,2.171600886532323,70.62518159409055,92.26218268760474,68.71174508925155
1463961600,14.2864,14.4924,10.4662,12.339,0,0,0,0,63.555783339546025,0,0,0,0,51.25702386599939,21.428571428571427,0,0.2142012873664867,2.4393524957404313,2.2251512083739446,63.555783339546025,72.88700782352187,74.18969671847162
1464566400,12.339,14.2859,12.3297,13.9868,0,0,0,0,66.60210643707049,0,0,0,0,51.91018614380083,14.285714285714286,0,0.2803030682845087,2.5755300437295805,2.295226975445072,66.60210643707049,86.64170963079462,83.93030004730709
1465171200,13.9868,15.9,13.7418,15.8997,0,0,0,0,69.76200266149255,0,0,0,0,52.859837266787856,100,0,0.40819209684321445,2.8054670964990898,2.3972749996558753,69.76200266149255,99.99659420265175,86.50843721898941
1465776000,15.8997,21.5227,10.6947,12.4011,0,0,0,0,58.80366142323966,0,0,0,0,54.518993043440375,100,35.714285714285715,0.22182438089478484,2.6745554757743566,2.4527310948795717,58.80366142323966,36.79254892694375,74.47695092013005
1466380800,12.4011,15.6051,11.0025,13.7957,0,0,0,0,61.40612308564928,0,0,0,0,56.059637693189146,92.85714285714286,28.571428571428573,0.1600233392402748,2.6527602689299155,2.4927369296896407,61.40612308564928,46.45632625400087,61.08182312786547
1466985600,13.7957,14.1211,11.6112,11.83,0,0,0,0,56.03305568283024,0,0,0,0,57.490236296527286,85.71428571428571,21.428571428571427,-0.03527323278542349,2.4486453887078614,2.483918621493285,56.03305568283024,32.83515380900146,38.69467632998204
1467590400,11.83,11.8802,9.77853,10.9469,0,0,0,0,53.75730124543033,0,0,0,0,57.39805577329119,78.57142857142857,14.285714285714286,-0.23483505031015328,2.1903748086055934,2.4252098589157467,53.75730124543033,26.71577781766047,35.33575262688761
1468195200,10.9469,12.4043,10.3117,11.1934,0,0,0,0,54.31505933626249,0,0,0,0,57.41762712891808,71.42857142857143,7.142857142857143,-0.3539852112168891,1.9827283448946353,2.3367135561115244,54.31505933626249,28.42388129616297,29.32493764094164
1468800000,11.1934,14.8901,10.9925,12.7258,0,0,0,0,57.72848480938726,0,0,0,0,57.87885014304717,64.28571428571429,0,-0.33361891746374983,1.9196899092818374,2.253308826745587,57.72848480938726,38.973943096734715,31.371200736852725
1469404800,12.7258,13.8511,11.5865,11.8824,0,0,0,0,55.28035565875659,0,0,0,0,58.30712865616704,57.142857142857146,7.142857142857143,-0.3777316682858647,1.7811442413882563,2.158875909674121,55.28035565875659,33.123089228643245,33.506971207180314
1470009600,11.8824,12.0137,8.38846,10.9725,0,0,0,0,52.68454989621938,0,0,0,0,56.604682134608574,50,0,-0.4633291195547029,1.5797145102307422,2.043043629785445,52.68454989621938,19.6740732619474,30.590368529108456
1470614400,10.9725,12.4393,10.8861,11.1984,0,0,0,0,53.27121879667526,0,0,0,0,55.14117519556685,42.857142857142854,92.85714285714286,-0.4969010941833396,1.4219172620562706,1.9188183562396102,53.27121879667526,21.39400528694465,24.730389259178434
1471219200,11.1984,11.3075,10.7344,11.1651,0,0,0,0,53.16656827302806,0,0,0,0,53.68953675660752,35.714285714285715,85.71428571428571,-0.5115136099249171,1.2794263438334639,1.790939953758381,53.16656827302806,21.14046949043112,20.736182679774387
1471824000,11.1651,11.4431,10.9037,10.928,0,0,0,0,52.37758777263657,0,0,0,0,52.383915871801854,28.571428571428573,78.57142857142857,-0.5253168888210855,1.1342938427320242,1.6596107315531097,52.37758777263657,19.335264164504384,20.62324631396005
1472428800,10.928,12.5718,10.8118,11.6768,0,0,0,0,54.66568093279565,0,0,0,0,51.519210213482026,21.428571428571427,71.42857142857143,-0.4737742248433614,1.067392950498908,1.5411671753422693,54.66568093279565,25.03639342664669,21.837375693860725
1473033600,11.6768,12.1685,11.3269,11.6464,0,0,0,0,54.55108791405884,0,0,0,0,50.71626924504219,14.285714285714286,64.28571428571429,-0.43262283780312805,1.0003886280883592,1.4330114658914872,54.55108791405884,24.804937324123816,23.058864971758293
1473638400,11.6464,12.9841,11.622,12.3654,0,0,0,0,56.85473793157584,0,0,0,0,50.224075971977435,7.142857142857143,57.142857142857146,-0.35133073332000575,0.9938480492414801,1.3451787825614858,56.85473793157584,30.27917869629304,26.706836482354515
1474243200,12.3654,14.4303,12.3654,13.041,0,0,0,0,58.95972164112209,0,0,0,0,50.17580581759897,0,50,-0.2511096040459928,1.031291777503995,1.2824013815499877,58.95972164112209,64.46961466832211,39.85124356291299
1474848000,13.041,13.4564,12.7567,13.2096,0,0,0,0,59.49087641359125,0,0,0,0,50.130983531390406,0,42.857142857142854,-0.17606111192699214,1.0623249916412476,1.2383861035682397,59.49087641359125,74.15267532499492,56.30048956320335
1475452800,13.2096,13.5169,12.0026,12.0615,0,0,0,0,54.33397207235992,0,0,0,0,49.46945959739849,21.428571428571427,35.714285714285715,-0.20435194613149799,0.9829461709038672,1.1872981170353651,54.33397207235992,56.4940538079623,65.0387812670931
1476057600,12.0615,12.1519,11.6655,11.9684,0,0,0,0,53.92575646794189,0,0,0,0,48.581718607972675,14.285714285714286,28.571428571428573,-0.2281374210337337,0.9021263407431981,1.1302637617769318,53.92575646794189,55.06210740674661,61.902945513234606
1476662400,11.9684,12.8891,11.8695,12.0024,0,0,0,0,54.06149679987304,0,0,0,0,48.02791690475469,7.142857142857143,21.428571428571427,-0.23922095370939567,0.8312375696401872,1.070458523349583,54.06149679987304,55.5850523867824,55.71373786716376
1477267200,12.0024,12.1007,10.0332,11.2514,0,0,0,0,50.52096854511805,0,0,0,0,46.11595577987732,0,14.285714285714286,-0.2913137711313668,0.7063163094353744,0.9976300805667412,50.52096854511805,47.38523363743494,52.67746447698797
1477872000,11.2514,11.4985,10.4024,10.8809,0,0,0,0,48.822214772248294,0,0,0,0,44.34056330677691,57.142857142857146,7.142857142857143,-0.3414330380881476,0.5708387829565567,0.9122718210447043,48.822214772248294,41.25299577612118,48.07442726677949
1478476800,10.8809,10.9514,9.78926,10.0967,0,0,0,0,45.34663589413784,0,0,0,0,42.24973038279521,50,0,-0.41331115961809917,0.39563287152208026,0.8089440311401794,45.34663589413784,6.624377294744275,31.754202236100117
1479081600,10.0967,10.3219,9.48368,9.57981,0,0,0,0,43.16540582344449,0,0,0,0,40.089003078145296,42.857142857142854,100,-0.47705822029976497,0.2126212557654732,0.6896794760652382,43.16540582344449,1.9433471744342696,16.60690674843323
1479686400,9.57981,10.2388,8.80072,8.97704,0,0,0,0,40.70641215526486,0,0,0,0,37.59998989303842,35.714285714285715,100,-0.5367605120942367,0.018728835947442235,0.5554893480416789,40.70641215526486,3.132027611296055,3.89991736015819
1480291200,8.97704,9.01168,7.44568,7.57192,0,0,0,0,35.61333047275363,0,0,0,0,35.398149842485275,28.571428571428573,100,-0.6407786451027364,-0.24548395833674164,0.3952946867659948,35.61333047275363,1.8073996867402968,2.2942581574901975
1480896000,7.57192,8.86133,6.1543,8.23037,0,0,0,0,39.43732229243102,0,0,0,0,34.052094197296434,21.428571428571427,100,-0.6339676057569547,-0.3971648204301985,0.2368027853267561,39.43732229243102,25.08542774287096,10.00828501363576
1481500800,8.23037,8.60633,7.55027,7.87475,0,0,0,0,38.12049862102562,0,0,0,0,32.8021853839068,14.285714285714286,92.85714285714286,-0.6213186721701907,-0.5398455548859822,0.08147311728420845,38.12049862102562,20.788424359594003,15.893750596401743
1482105600,7.87475,7.9436,7.19327,7.2141,0,0,0,0,35.73343024742006,0,0,0,0,31.835493917516335,7.142857142857143,85.71428571428571,-0.623723928632555,-0.6981817935064853,-0.07445786487393033,35.73343024742006,12.805703238279364,19.5598517802481
1482710400,7.2141,8.49891,7.08863,8.15569,0,0,0,0,41.36865479667039,0,0,0,0,30.497516409128032,0,78.57142857142857,-0.5317659655763842,-0.7391653218444105,-0.20739935626802636,41.36865479667039,27.18319615353272,20.259107917135353
1483315200,8.15569,11.8695,8.09555,10.2843,0,0,0,0,51.68306554566018,0,0,0,0,29.423362926871565,7.142857142857143,71.42857142857143,-0.30851870751649735,-0.5930477406636481,-0.2845290331471507,51.68306554566018,56.094314508461686,32.02773796675791
1483920000,10.2843,10.7838,9.24513,9.93406,0,0,0,0,50.12068824967965,0,0,0,0,28.425934693347703,0,64.28571428571429,-0.17217609242376364,-0.49974914867685527,-0.32757305625309163,50.12068824967965,56.12282473124667,46.466778464413686
1484524800,9.93406,10.9664,9.62438,10.7247,0,0,0,0,53.53542584742974,0,0,0,0,27.594069230727353,7.142857142857143,57.142857142857146,-0.02425020866020622,-0.35788581707834943,-0.3336356084181432,53.53542584742974,67.86244580388431,60.02652834786422
1485129600,10.7247,10.8328,10.448,10.4912,0,0,0,0,52.39460810654915,0,0,0,0,26.821622729722737,0,50,0.05787837314682609,-0.26128764198461063,-0.3191660151314367,52.39460810654915,72.9332032826584,65.63949127259646
1485734400,10.4912,11.5015,10.4785,11.3899,0,0,0,0,56.25814236540334,0,0,0,0,26.47414737046528,0,42.857142857142854,0.1665836072780693,-0.11093650603385008,-0.2775201133119194,56.25814236540334,91.60834266517358,77.46799725057208
1486339200,11.3899,11.63,10.779,11.3896,0,0,0,0,56.25650104814373,0,0,0,0,26.22234645828257,64.28571428571429,35.714285714285715,0.22849630670130275,0.008100270064709036,-0.2203960366365937,56.25650104814373,91.60309350503918,85.38154648429038
1486944000,11.3896,13.3307,11.1857,12.7635,0,0,0,0,61.7589443191255,0,0,0,0,26.832667788699666,100,28.571428571428573,0.3450122301971564,0.21086925110985177,-0.1341429790873046,61.7589443191255,92.09631570146593,91.76925062389289
1487548800,12.7635,14.5062,12.2894,14.5062,0,0,0,0,67.3663270872022,0,0,0,0,27.876848808918876,100,21.428571428571427,0.5123940412129389,0.5063495724288689,-0.006044468784069917,67.3663270872022,100,94.5664697355017
1488153600,14.5062,20.6674,14.391,19.2537,0,0,0,0,77.1822347308298,0,0,0,0,30.37892622724175,100,14.285714285714286,0.8934746405441725,1.1107988318961457,0.21732419135197323,77.1822347308298,90.25914518607325,94.11848696251305
1488758400,19.2537,23.3717,16.3978,23.3717,0,0,0,0,82.1872151418453,0,0,0,0,33.09346600014839,100,7.142857142857143,1.346310996824892,1.9002129373830883,0.5539019405581962,82.1872151418453,100,96.75304839535772
1489363200,23.3717,54.8851,23.3717,45.7122,0,0,0,0,92.19253068522184,0,0,0,0,37.08086193788689,100,0,2.9802329051735925,4.279193072025187,1.2989601668515944,92.19253068522184,80.80841534950176,90.35585351185831
1489968000,45.7122,53.623,39.8998,50.5,0,0,0,0,93.08851084534624,0,0,0,0,40.78344388007263,92.85714285714286,14.285714285714286,4.141818608443093,6.476233427405461,2.334414818962368,93.08851084534624,90.82547309456116,90.54462948135428
1490572800,50.5,53.7765,48.0179,48.9301,0,0,0,0,89.46313615969876,0,0,0,0,44.22444954587316,85.71428571428571,7.142857142857143,4.53128728338115,7.998523923188806,3.4672366398076555,89.46313615969876,87.54092090901274,86.39160311769187
1491177600,48.9301,48.9301,41.5713,43.3411,0,0,0,0,77.84039305368539,0,0,0,0,45.50478464316771,78.57142857142857,0,4.149574078893329,8.654204238424317,4.504630159530988,77.84039305368539,75.32782426845309,84.56473942400898
1491782400,43.3411,50.9138,42.447,48.6641,0,0,0,0,80.44599082954642,0,0,0,0,46.81507072526389,71.42857142857143,0,3.9914296784675214,9.49391725761539,5.502487579147869,80.44599082954642,86.369403836155,83.07938300454026
1492387200,48.6641,50.9858,48.0745,48.4177,0,0,0,0,79.97719857204422,0,0,0,0,48.03628931172469,64.28571428571429,0,3.6171806914853217,10.02396344350452,6.406782752019199,79.97719857204422,85.71078851595821,82.46933887352208
1492992000,48.4177,78.7947,48.4177,78.7947,0,0,0,0,88.71119327101681,0,0,0,0,50.256932361235506,100,0,5.073169846283399,12.748245059873447,7.675075213590048,88.71119327101681,100,90.69339745070438
1493596800,78.7947,102.171,73.3394,93.5871,0,0,0,0,90.81279310159906,0,0,0,0,52.73080665418127,100,0,6.593855909532618,15.917395100505821,9.323539190973204,90.81279310159906,90.63838372822204,92.11639074806006
1494201600,93.5871,95.1369,83.7114,90.8297,0,0,0,0,87.54119265537179,0,0,0,0,55.02797564048806,92.85714285714286,0,6.940359897476522,17.998989062818858,11.058629165342335,87.54119265537179,87.5904893207283,92.74295768298343
1494806400,90.8297,156.812,86.1395,156.812,0,0,0,0,93.53923503353901,0,0,0,0,57.655386513678195,100,0,10.903733578117542,24.688296137989262,13.78456255987172,93.53923503353901,100,92.74295768298343
1495411200,156.812,228.374,127.763,170.857,0,0,0,0,94.18137860084376,0,0,0,0,60.30802749299363,100,0,13.586955548807211,30.768256995880733,17.181301447073523,94.18137860084376,73.38218457030256,86.99089129701025
1496016000,170.857,249.611,164.996,246.391,0,0,0,0,96.30714604100436,0,0,0,0,62.80995822203631,100,0,19.2202612092717,41.20662795866315,21.986366749391447,96.30714604100436,98.6310687866678,90.67108445232343
1496620800,246.391,353.011,243.477,342.777,0,0,0,0,97.54146652034285,0,0,0,0,65.25091821647388,100,0,27.694234045321675,56.60415930604354,28.909925260721867,97.54146652034285,96.95971518645139,89.65765618114055
1497225600,342.777,414.756,306.245,371.701,0,0,0,0,97.78114239092227,0,0,0,0,67.55742002199663,100,0,33.13607437769423,70.33001823283965,37.19394385514542,97.78114239092227,88.99930324236308,94.86336240516073
1497830400,371.701,377.969,286.669,302.582,0,0,0,0,78.16966851313703,0,0,0,0,68.86018346827176,92.85714285714286,0,30.059763506571485,74.76864823835977,44.70888473178829,78.16966851313703,70.07545826906424,85.34482556595954
1498435200,302.582,333.104,235.213,290.619,0,0,0,0,75.35270442376711,0,0,0,0,68.15797038134521,85.71428571428571,0,25.38475589600271,76.43982960179167,51.05507370578896,75.35270442376711,66.73577453738056,75.27017868293593
1499040000,290.619,290.921,236.912,243.806,0,0,0,0,65.4180713634648,0,0,0,0,67.50591537205626,78.57142857142857,7.142857142857143,17.67088518754086,73.14368019021504,55.472795002674175,65.4180713634648,54.191583952932696,63.66760558645914
1499644800,243.806,243.806,135.888,159.538,0,0,0,0,52.101702952645574,0,0,0,0,64.09462102475322,71.42857142857143,0,6.026121690900084,63.00544711629928,56.979325425399196,52.101702952645574,31.44995151876533,50.792436669692826
1500249600,159.538,267.986,157.363,225.409,0,0,0,0,59.10874548447446,0,0,0,0,61.270112976222,64.28571428571429,0,2.0957739708579055,59.59904288897158,57.503268918113676,59.10874548447446,48.36199808280484,44.66784451816759
1500854400,225.409,227.292,180.683,197.087,0,0,0,0,55.35887488973774,0,0,0,0,58.647355502585874,57.142857142857146,0,-2.809245972193466,53.99171145287184,56.800957425065306,55.35887488973774,40.58251621520327,40.13148860559111
1501459200,197.087,270.608,194.459,264.412,0,0,0,0,61.595921807724864,0,0,0,0,56.80800969751396,50,0,-1.9576714005215194,54.35386817441341,56.311539574934926,61.595921807724864,55.964648467590614,48.303054255199534
1502064000,264.412,318.716,258.288,298.708,0,0,0,0,64.32992895381898,0,0,0,0,55.66004671011012,42.857142857142854,0,0.3540124538876839,56.75405514229453,56.40004268840685,64.32992895381898,64.94490470468332,53.8306897958257
1502668800,298.708,320,280,298.4,27120.86913313,1356.0434566565,27120.86913313,1356.0434566565,64.28566722374808,-27120.86913313,-2169.6695306504307,-2169.6695306504307,-27120.86913313,54.608249035062926,35.714285714285715,0,1.2505289274363776,57.96320384770232,56.71267492026594,64.28566722374808,64.59216137960206,61.833904850625295
1503273600,297.26,353,291.86,347.55,87884.67537746001,5750.2772255295,87884.67537746001,5750.2772255295,68.06207979039885,60763.80624433001,70046.9822679036,70046.9822679036,60763.80624433001,53.98927168980852,28.571428571428573,0,4.366492836755526,62.17079096621035,57.80429812945482,68.06207979039885,76.58270410776571,68.70659006401699
1503878400,347.71,396,327,350.62,163400.14189737002,13920.284320398001,163400.14189737002,13920.284320398001,68.28764129099935,224163.94814170004,18516.73462026925,18516.73462026925,224163.94814170004,53.825045037977226,21.428571428571427,0,5.759549354817224,65.00373482297636,59.24418546815913,68.28764129099935,77.00130527704866,72.72539025480545
1504483200,350.62,352.16,270,298,216949.84061404,24767.7763511,216949.84061404,24767.7763511,60.41211580144494,7214.107527660031,-50560.77061905999,-50560.77061905999,7214.107527660031,52.244719151214234,14.285714285714286,42.857142857142854,2.4325616976857063,62.284887590266266,59.85232589258056,60.41211580144494,58.13216288710072,70.57205742397166
1505088000,298.17,316.5,201,257.1,318203.75078952004,40677.963890576,318203.75078952004,40677.963890576,55.09354109125213,-310989.64326186,-59652.306355903296,-59652.306355903296,-310989.64326186,49.39811427132921,7.142857142857143,35.714285714285715,-2.9360532956550784,56.18225927301171,59.11831256866679,55.09354109125213,43.46572571969536,59.533064627948214
1505692800,257.08,299.91,250,283.58,167658.37414504,49060.88259782801,167658.37414504,49060.88259782801,57.69063177572392,-143331.26911682,-1705.8636790463788,-1705.8636790463788,-143331.26911682,46.754838311435975,0,28.571428571428573,-4.996163033873444,52.87310877632498,57.86927181019843,57.69063177572392,56.78015624038875,52.792681615728235
1506297600,283.48,313,278.42,302.92,138774.8135463,55999.623275143,138774.8135463,55999.623275143,59.53148330635933,-4556.455570520018,56163.7954111112,56163.7954111112,-4556.455570520018,44.49591064885792,71.42857142857143,21.428571428571427,-5.318842271415903,51.220718970928544,56.53956124234445,59.53148330635933,64.21541489819771,54.8204322860939
1506902400,301.24,314.43,286.12,308.65,64648.81782523,59232.0641664045,64648.81782523,59232.0641664045,60.08559173127524,60092.36225470998,94414.15565740575,94414.15565740575,60092.36225470998,42.42053950544067,64.28571428571429,14.285714285714286,-5.392054039053519,49.79949369352755,55.19154773258107,60.08559173127524,66.41831211170573,62.47129441676403
1507507200,308.63,348.48,285,335.21,146376.26445647,66550.877389228,146376.26445647,66550.877389228,62.63918618770218,206468.62671117997,179592.78213853354,179592.78213853354,206468.62671117997,41.01200191107335,57.142857142857146,7.142857142857143,-3.963455028529154,50.23722894691963,54.20068397544878,62.63918618770218,76.62929814848988,69.08767505279774
1508112000,335.26,350.96,287.08,294.07,134597.09131137,73280.7319547965,134597.09131137,73280.7319547965,56.59898034712966,71871.53539980997,74451.9734904847,74451.9734904847,71871.53539980997,39.74100957747822,50,0,-5.979861962663449,46.72585652211947,52.70571848478292,56.59898034712966,57.28659009290261,66.77806678436603
1508716800,293.71,312.62,271.54,303.59,82778.48433253,77419.656171423,82778.48433253,77419.656171423,57.617454503964595,154650.01973233998,120838.55356192664,120838.55356192664,154650.01973233998,38.18065449158795,42.857142857142854,0,-6.8031963345946025,44.20172306653967,51.00491940113427,57.617454503964595,57.08188391998773,63.66592405379337
1509321600,303.02,310.99,275,294.6,107519.17661323001,82795.61500208451,107519.17661323001,82795.61500208451,56.274476284354954,47130.843119109966,130428.34397394309,130428.34397394309,47130.843119109966,36.73175334040413,35.714285714285715,0,-8.00133448659443,41.003251292891235,49.004585779485666,56.274476284354954,49.68765660585192,54.68537687291405
1509926400,295.72,331.7,284.01,306.1,220905.62378636003,93840.89619140251,220905.62378636003,93840.89619140251,57.634814340262956,268036.46690547,114169.61594940735,114169.61594940735,268036.46690547,35.75335238796456,28.571428571428573,0,-8.045723413605785,38.94743151247843,46.993154926084216,57.634814340262956,53.897435897435905,53.555658807758476
1510531200,306.11,372,305.91,354.48,229883.07584108,105335.04998345653,229883.07584108,105335.04998345653,62.86849359665356,497919.54274655,222171.87808990575,222171.87808990575,497919.54274655,35.48222014718258,21.428571428571427,35.714285714285715,-4.992704464590439,40.752274345346166,45.744978809936605,62.86849359665356,78.70769230769231,60.76426160366
1511136000,354.49,483,345.52,467,336848.44353924,122177.47216041852,336848.44353924,122177.47216041852,71.64275498557052,834767.98628579,480615.0976456159,480615.0976456159,834767.98628579,36.474161327152245,100,28.571428571428573,3.9463097768341697,50.67786603097932,46.73155625414515,71.64275498557052,94.32624113475177,75.64378977995996
1511740800,468.99,519.23,388,463,378875.96047726006,141121.27018428151,378875.96047726006,141121.27018428151,71.00044595627888,455892.0258085299,534806.2260320989,534806.2260320989,455892.0258085299,37.69370175559885,100,21.428571428571427,8.660925313034774,57.55771289543861,48.89678758240384,71.00044595627888,82.33038996951889,85.12144113732096
1512345600,463,497.99,391,425.07,293054.87563880003,155774.01396622154,293054.87563880003,155774.01396622154,65.0452648921852,162837.1501697299,428392.71151142044,428392.71151142044,162837.1501697299,38.82613215344213,92.85714285714286,14.285714285714286,8.295548310016493,59.266222969924456,50.970674659907964,65.0452648921852,70.41133771171793,82.3559896053295
1512950400,421.17,745,421.17,706.91,472603.77818287996,179404.20287536553,472603.77818287996,179404.20287536553,79.0837875872608,635440.9283526099,789817.9212418041,789817.9212418041,635440.9283526099,41.18786068002985,100,7.142857142857143,25.153351191839825,82.41236364970774,57.25901245786792,79.0837875872608,92.99816176470588,81.91329648198086
1513555200,709.96,870,501,686.96,550687.95661071,206938.60070590102,550687.95661071,206938.60070590102,76.7345271364579,84752.97174189985,794175.6687575313,794175.6687575313,84752.97174189985,43.73645648058259,100,0,32.6057333348771,98.0161791264643,65.4104457915872,76.7345271364579,70.47741935483872,77.96230627708748
1514160000,691.72,770,659.06,743.48,289916.43508276,221434.422460039,289916.43508276,221434.422460039,78.66792300255085,374669.40682465985,945484.138121979,945484.138121979,374669.40682465985,46.10300972395299,92.85714285714286,0,38.57813547611184,113.63311513672699,75.05497966061515,78.66792300255085,78.85907161715068,80.77821757889838
1514764800,743.5,1118.72,722.02,1117.96,360333.93232501997,238095.07561963348,360333.93232501997,238095.07561963348,86.60846814229862,735003.3391496798,1304437.4110642562,1304437.4110642562,735003.3391496798,48.902372851279125,100,28.571428571428573,63.51336864818366,154.44669047084471,90.93332182266106,86.60846814229862,99.91029061120422,83.08226052773118
1515369600,1116.96,1420,964,1359.59,527806.05929293,260091.144815407,527806.05929293,260091.144815407,89.36045895553514,1262809.3984426097,1692398.014033125,1692398.014033125,1262809.3984426097,51.76766836211571,100,21.428571428571427,90.40405436014008,203.93838977283616,113.53433541269608,89.36045895553514,94.73991257858349,91.16975826897942
1515974400,1359.59,1379,761.61,1049.09,555962.6862984601,279719.2720354615,555962.6862984601,279719.2720354615,69.57431749654344,706846.7121441496,1654189.593456757,1654189.593456757,706846.7121441496,52.338621875033766,92.85714285714286,14.285714285714286,81.66902981051965,215.62062267584565,133.951592865326,69.57431749654344,67.70370757362032,87.45130358780266
1516579200,1052.35,1240,905,1229.41,314841.09930402,284613.8349699605,314841.09930402,284613.8349699605,73.27513909565894,1021687.8114481696,1949125.2166913468,1949125.2166913468,1021687.8114481696,52.86879299417196,85.71428571428571,7.142857142857143,82.19925019057919,236.70065560355,154.5014054129708,73.27513909565894,83.40473329502117,81.94945114907496
1517184000,1229.97,1239,731,826.51,478126.16163085005,292609.95551202697,478126.16163085005,292609.95551202697,56.68458637083282,543561.6498173196,1650785.786152475,1650785.786152475,543561.6498173196,51.835455716321036,78.57142857142857,0,51.101864956348265,218.37873660840614,167.27687165205788,56.68458637083282,48.16681222707424,66.42508436523853
1517788800,825.13,913.3,565,809.69,500219.58431640005,309238.016020595,500219.58431640005,309238.016020595,56.11339172087745,43342.06550091953,1853401.2870291842,1853401.2870291842,43342.06550091953,49.68202241962949,71.42857142857143,0,26.33333773123664,200.19354381610367,173.86020608486703,56.11339172087745,46.27505523816232,59.2822002534192
1518393600,811,983.31,808.52,912.85,206269.94137165998,312612.77241186297,206269.94137165998,312612.77241186297,58.85204723364771,249612.0068725795,1893371.3248703545,1893371.3248703545,249612.0068725795,47.9732794092817,64.28571428571429,0,14.426847522544563,191.89376548804773,177.46691796550317,58.85204723364771,54.47854302614691,49.64013683046111
1518998400,913.42,958.74,787,842.65,142358.21642434,316498.24234181846,142358.21642434,316498.24234181846,56.2783514099158,107253.79044823951,1843271.5775739348,1843271.5775739348,107253.79044823951,46.23458070246284,57.142857142857146,0,0.10987892477623973,177.60426662147347,177.49438769669723,56.2783514099158,46.26703149430422,49.00687658620444
1519603200,842.82,896,834.77,862.28,80002.88812112,313179.573525051,80002.88812112,313179.573525051,56.84665187393688,187256.67856935953,1835157.6148884513,1835157.6148884513,187256.67856935953,44.620074760416756,50,0,-9.234921372529612,165.95073598103522,175.18565735356484,56.84665187393688,45.957364341085274,48.90097962051209
1520208000,864.06,869.21,640.55,720.38,184793.90414636,315689.4141668005,184793.90414636,315689.4141668005,51.62302977602543,2462.7744229995296,1779394.5632567762,1779394.5632567762,2462.7744229995296,41.792103201324025,42.857142857142854,0,-25.260812015504342,143.6096423341844,168.87045434968874,51.62302977602543,32.009718172983476,41.41137133612428
1520812800,720.45,740.7,453.01,538,267189.74505714996,324909.9772030315,267189.74505714996,324909.9772030315,45.79806280505597,-264726.97063415044,1670072.359180593,1670072.359180593,-264726.97063415044,39.46281512201498,35.714285714285715,0,-47.15994151490082,109.9205274560627,157.08046897096352,45.79806280505597,11.696685121592262,29.88792254522029
1521417600,538,590.69,506,521.99,219677.21726938998,330517.8792358395,219677.21726938998,330517.8792358395,45.31468385327739,-484404.18790354044,1533347.9983083582,1533347.9983083582,-484404.18790354044,37.299904762656574,28.571428571428573,0,-60.867483015471095,80.99611520162466,141.86359821709576,45.31468385327739,7.133476044219694,16.946626446265096
1522022400,522.98,525.55,358.4,378,368639.16540768,337904.5563169055,368639.16540768,337904.5563169055,41.11192806294241,-853043.3533112204,1251162.0502741816,1251162.0502741816,-853043.3533112204,36.00456444207242,21.428571428571427,100,-76.75077918907648,45.92512423075016,122.67590341982664,41.11192806294241,1.8462697814619464,6.892143649091256
1522627200,378.06,419.08,360,400.23,150145.26251767,333917.66565073497,150145.26251767,333917.66565073497,42.00619792988541,-702898.0907935505,1305496.9472380914,1305496.9472380914,-702898.0907935505,34.801748430101426,14.285714285714286,92.85714285714286,-82.38246497841443,19.697822196808602,102.08028717522303,42.00619792988541,3.9402788244159797,4.306674883365827
1523232000,400.07,535,386.19,533.83,227511.62343906998,328450.8246457264,227511.62343906998,328450.8246457264,47.19609757933941,-475386.4673544805,1529431.0073491093,1529431.0073491093,-475386.4673544805,32.910182996478504,7.142857142857143,85.71428571428571,-73.99827818927552,9.582439438628626,83.58071762790415,47.19609757933941,16.525056518462705,7.437201708113498
1523836800,533.86,643.46,498.34,621.5,225003.84574134997,320757.21890893095,225003.84574134997,320757.21890893095,50.33689876424365,-250382.62161313056,1686338.3198423882,1686338.3198423882,-250382.62161313056,30.61510741449122,0,78.57142857142857,-60.03121518105917,8.541698651580191,68.57291383263936,50.33689876424365,25.778953556731338,15.414762966536628
1524441600,620.45,711.7,595,689.23,317389.86898004,321973.96857599297,317389.86898004,321973.96857599297,52.67867849687948,67007.24736690946,1881504.5323360271,1881504.5323360271,67007.24736690946,28.86562181490064,0,71.42857142857143,-44.43279097343907,13.031925115840522,57.46471608927959,52.67867849687948,37.52608892921961,26.61003300147117
1525046400,689.38,832.37,627.22,787.42,219419.16875903,309314.73810480046,219419.16875903,309314.73810480046,55.92349557863112,286426.41612593946,2004770.7239006297,2004770.7239006297,286426.41612593946,27.864802055646976,0,64.28571428571429,-26.584398984544535,24.234217358598926,50.81861634314346,55.92349557863112,48.71905518964343,37.34136589186475
1525651200,787.42,791,638.15,730.06,269498.73280622,295255.27691457595,269498.73280622,295255.27691457595,53.6108319611847,16927.68331971945,2059375.7337469405,2059375.7337469405,16927.68331971945,26.935469422054293,0,57.142857142857146,-18.12765936467455,28.159042137300275,46.286701501974825,53.6108319611847,59.47416427965627,48.57310279950639
1526256000,730.36,743,656.36,716,179830.56352187003,289750.98333653144,179830.56352187003,289750.98333653144,53.03191492624824,-162902.88020215058,2127123.536070969,2127123.536070969,-162902.88020215058,26.072517690861087,7.142857142857143,50,-13.196120322295364,29.791551099105618,42.98767142140098,53.03191492624824,57.22424029060185,55.13915325330047
1526860800,716,720,549.28,571.39,198329.13592206,281650.74351638346,198329.13592206,281650.74351638346,47.36648783972702,-361232.01612421055,1980165.735613257,1980165.735613257,-361232.01612421055,24.504523966282886,0,42.857142857142854,-19.033947516867507,19.1952370253166,38.22918454218411,47.36648783972702,35.47822900356464,50.72554452460755
1527465600,569.69,628.78,506.3,619.59,172962.72493789997,263908.5767986319,172962.72493789997,263908.5767986319,49.31027485700198,-188269.29118631058,2127172.75444111,2127172.75444111,-188269.29118631058,22.759761854768293,0,35.714285714285715,-18.967710306128225,14.519546659523826,33.48725696565205,49.31027485700198,48.58444940476192,47.09563956630942
1528070400,619.47,625.4,504,526.28,159045.23729146,244062.70434828196,159045.23729146,244062.70434828196,45.78513267910391,-347314.5284777706,2026505.2418095137,2026505.2418095137,-347314.5284777706,21.144463285679635,0,28.571428571428573,-24.191998529189938,3.2472588041646304,27.43925733335457,45.78513267910391,32.86544899277617,38.9760424670342
1528675200,524.42,540.56,449.65,497.26,179854.77278184,237313.3880221729,179854.77278184,237313.3880221729,44.71449759211299,-527169.3012596106,2035032.0713188057,2035032.0713188057,-527169.3012596106,20.027995989234608,0,21.428571428571427,-28.30044371324464,-7.936297308201233,20.364146405043407,44.71449759211299,29.297212903770284,36.91570376710275
1529280000,497.49,547.82,421,455.27,141412.32521186,220477.6962012234,141412.32521186,220477.6962012234,43.142487510458096,-668581.6264714706,1970046.183340985,1970046.183340985,-668581.6264714706,19.191154753428165,50,14.285714285714286,-32.25734127639139,-19.957530190445823,12.29981108594556,43.142487510458096,20.438002405215517,27.533554767253946
1529884800,454.06,474.69,404.98,452.42,132351.09135998,202084.27155340242,132351.09135998,202084.27155340242,43.03190632887151,-800932.7178314505,2017833.8317347693,2017833.8317347693,-800932.7178314505,18.528838530251285,42.857142857142854,7.142857142857143,-33.34048025041332,-29.375789227071095,3.964691023342228,43.03190632887151,19.83669852522312,23.190637944736267
1530489600,452.05,495.48,443.28,485.52,98356.26161476999,196688.58756555791,98356.26161476999,196688.58756555791,44.801490449462264,-702576.4562166806,2078656.4394919488,2078656.4394919488,-702576.4562166806,17.726164761349427,35.714285714285715,0,-30.195388367085457,-33.779544435514595,-3.5841560684291363,44.801490449462264,26.5723902872748,22.28236373923777
1531094400,485.5,488.64,417.37,449.54,95786.87670893999,194360.02057978793,95786.87670893999,194360.02057978793,43.22954301652297,-798363.3329256206,2069342.5198119578,2069342.5198119578,-798363.3329256206,17.186659083377926,28.571428571428573,0,-28.904697028893224,-39.71502735454567,-10.810330325652442,43.22954301652297,14.198305616567309,20.20246480968837
1531699200,449.7,514.94,441,457,94527.09411209,195086.23087933642,94527.09411209,195086.23087933642,43.67085030872526,-703836.2388135307,2015725.177006155,2015725.177006155,-703836.2388135307,16.427085756982184,21.428571428571427,0,-26.00584923181059,-43.31764186541568,-17.31179263360509,43.67085030872526,12.171552914200142,17.64741627268071
1532304000,456.93,484.64,445.74,466.47,63458.67776226,189019.4695601314,63458.67776226,189019.4695601314,44.26317086731721,-640377.5610512707,2019901.3779077332,2019901.3779077332,-640377.5610512707,15.721767668186141,14.285714285714286,71.42857142857143,-22.06345641798993,-44.8911131560925,-22.827656738102572,44.26317086731721,14.387327733451885,13.585728754739739
1532908800,465.77,469.06,397.41,408.97,91838.78143783,180251.92137916543,91838.78143783,180251.92137916543,41.41550443677255,-732216.3424891006,1957697.1062653342,1957697.1062653342,-732216.3424891006,15.503705923696037,7.142857142857143,100,-21.897238416014172,-50.19920475812029,-28.301966342106116,41.41550443677255,2.657715652013979,9.738865433221962
1533513600,408.34,412.99,305.2,318.08,166784.45924710997,177607.28347805142,166784.45924710997,177607.28347805142,37.32752476198074,-899000.8017362106,1830771.3321486218,1830771.3321486218,-899000.8017362106,16.04066973175861,0,100,-26.18753061093136,-61.03637960577032,-34.84884899483896,37.32752476198074,2.6512968299711805,6.5654467384789745
1534118400,318.47,321.86,250.54,299.97,274799.63536478,172915.30697590642,274799.63536478,172915.30697590642,36.55331337875349,-1173800.4371009907,1936884.3713794975,1936884.3713794975,-1173800.4371009907,16.926096981509293,0,100,-28.341836601977434,-70.27614474731075,-41.93430814533332,36.55331337875349,10.037363440685544,5.115458640890194
1534723200,299.43,303.99,258.99,274.69,109100.18445966,170863.05307300593,109100.18445966,170863.05307300593,35.44804942758712,-1282900.6215606506,1903911.8711872445,1903911.8711872445,-1282900.6215606506,17.748279427706358,0,92.85714285714286,-29.437391412486477,-78.73104741094141,-49.29365599845494,35.44804942758712,5.1442082392536115,5.944289503303405
1535328000,274.2,302.66,271.3,294.75,104258.69092784,164700.40644744443,104258.69092784,164700.40644744443,37.07400213454596,-1178641.9306328106,1955575.776066665,1955575.776066665,-1178641.9306328106,18.511734556317915,0,85.71428571428571,-26.851324053874485,-82.85781106579805,-56.00648701192356,37.07400213454596,11.688346023688666,8.956639234542566
1535932800,294.99,296.38,185.82,195.8,287031.06111346005,167801.76721604992,287031.06111346005,167801.76721604992,32.698784135863974,-1465672.9917462706,1720363.9984176105,1720363.9984176105,-1465672.9917462706,19.838188208801956,0,100,-29.626993740700456,-93.04022918779913,-63.41323544709867,32.698784135863974,2.270348969470863,6.367634410804339
1536537600,195.73,227,167,220.08,395389.83327770996,171701.76543093342,395389.83327770996,171701.76543093342,34.734110485233586,-1070283.1584685605,2024550.5768192622,2024550.5768192622,-1070283.1584685605,21.195041202039747,0,100,-27.686014518028415,-98.02075359463419,-70.33473907660577,34.734110485233586,13.938343574392102,9.299012855850501
1537142400,220.14,255.89,192,244.14,298011.03853158,175631.35891956094,298011.03853158,175631.35891956094,36.77459994035297,-772272.1199369805,2212947.2875140584,2212947.2875140584,-772272.1199369805,22.018555162061517,7.142857142857143,92.85714285714286,-22.841418332373962,-98.88651199207322,-76.04509365969926,36.77459994035297,20.2562890604485,12.15499386810378
1537747200,244.44,245.76,203.25,231.96,231778.1533665,173745.32994757494,231778.1533665,173745.32994757494,36.15829955348204,-1004050.2733034806,2294241.389294687,2294241.389294687,-1004050.2733034806,22.78324669636745,0,85.71428571428571,-18.69154494812696,-99.40952484485797,-80.71797989673101,36.15829955348204,18.66988561246192,17.621506082434134
1538352000,232.02,234.58,210.5,224.34,120681.66323342003,170787.8849331524,120681.66323342003,170787.8849331524,35.75459034429551,-1124731.9365369007,2312283.498415963,2312283.498415963,-1124731.9365369007,23.493317406794382,21.428571428571427,78.57142857142857,-14.861043218071629,-99.29428391932055,-84.43324070124892,35.75459034429551,16.479852848192216,18.468675840367503
1538956800,225.06,230.98,185,192.01,173826.58287463,169562.75728078093,173826.58287463,169562.75728078093,34.01911257440082,-1298558.5194115308,2191459.2794365548,2191459.2794365548,-1298558.5194115308,24.37502007507269,14.285714285714286,71.42857142857143,-12.974581833260558,-100.65146799282462,-87.67688615956406,34.01911257440082,7.188020923147666,14.112586461267226
1539561600,191.85,219.75,189.71,202.19,274665.94658249995,174647.91836301092,274665.94658249995,174647.91836301092,35.087532850090184,-1023892.5728290309,2145011.1100411117,2145011.1100411117,-1023892.5728290309,25.193743981331117,7.142857142857143,64.28571428571429,-9.663038112174974,-99.75568379978279,-90.09264568760781,35.087532850090184,10.113812726332124,11.260562165890624
1540166400,202.14,204.27,197.65,202.44,91005.98201935,171245.95559940542,91005.98201935,171245.95559940542,35.11531993897671,-932886.5908096809,2185702.606533147,2185702.606533147,-932886.5908096809,25.95398760857109,0,57.142857142857146,-6.2435623682912365,-97.89709864797186,-91.65353627968062,35.11531993897671,11.157284976703187,9.48637287539428
1540771200,202.44,217.21,191.37,210.28,95997.4106213,167053.08749137842,95997.4106213,167053.08749137842,36.03998454019621,-836889.1801883809,2230209.1459775423,2230209.1459775423,-836889.1801883809,26.3834920673323,0,50,-2.437085082462289,-94.69989263275849,-92.2628075502962,36.03998454019621,14.32827914983778,11.866458950957652
1541376000,210.47,222.98,205.04,210.03,137727.30437307002,166868.8364494389,137727.30437307002,166868.8364494389,36.02235573801049,-974616.4845614509,2169099.3721308513,2169099.3721308513,-974616.4845614509,26.65509442315774,0,42.857142857142854,0.9016851527531315,-91.13570110935478,-92.03738626210792,36.02235573801049,17.49258099922761,14.326048375256148
1541980800,209.45,211.25,165.01,175.99,330115.29321469006,176757.04654217442,330115.29321469006,176757.04654217442,33.61155642973971,-1304731.777776141,1995760.286506875,1995760.286506875,-1304731.777776141,27.364084905664786,0,100,1.613827833594982,-90.02010147011418,-91.63392930370917,33.61155642973971,7.000318775900553,12.940392974988603
1542585600,175.95,175.95,98.11,113.59,885890.1702257099,216133.74197272141,885890.1702257099,216133.74197272141,29.689039580739035,-2190621.948001851,1462223.1439043405,1462223.1439043405,-2190621.948001851,28.663556728165812,0,100,-1.171227632447966,-93.09796384426912,-91.92673621182115,29.689039580739035,7.518943073635129,10.670614282921052
1543190400,113.55,125.57,99,114.91,552316.50778273,238960.22352641093,552316.50778273,238960.22352641093,29.875471458369347,-1638305.4402191208,1571356.063206536,1571356.063206536,-1638305.4402191208,29.870209134773912,0,92.85714285714286,-1.9331309322046053,-94.34314987707691,-92.4100189448723,29.875471458369347,8.213150818870691,7.577470889468747
1543795200,114.92,115.65,81.19,92.63,746526.6123841001,271560.19944001146,746526.6123841001,271560.19944001146,28.50176229360362,-2384832.052603221,1320491.9259050884,1320491.9259050884,-2384832.052603221,31.15348882847668,0,100,-2.8887122888151566,-96.02090930589125,-93.1321970170761,28.50176229360362,5.316232166922254,7.01610868647598
1544400000,92.7,94.6,80.9,83.76,310435.2383599,283909.0274698935,310435.2383599,283909.0274698935,27.950743378021897,-2695267.290963121,1139669.0644370592,1139669.0644370592,-2695267.290963121,32.34783922057281,0,100,-3.0532153141299148,-96.9487161597385,-93.89550084560858,27.950743378021897,1.6343791073775642,5.054587364390126
1545004800,83.77,133,83.5,129.73,637143.4706464801,311174.261930326,637143.4706464801,311174.261930326,34.96785580539296,-2058123.8203166411,1692632.3674466102,1692632.3674466102,-2058123.8203166411,32.456524418112174,7.142857142857143,92.85714285714286,0.7934573323563825,-92.9036791801631,-93.69713651251948,34.96785580539296,27.904451682953304,11.61835431908433
1545609600,129.41,159.11,112.3,138.56,604583.89003557,333064.233469749,604583.89003557,333064.233469749,36.25215242445662,-1453539.930281071,1766381.0111574219,1766381.0111574219,-1453539.930281071,31.937316554372806,0,85.71428571428571,4.580611760138979,-87.97137181234575,-92.55198357248473,36.25215242445662,34.97513041368434,21.50465373467169
1546214400,138.84,160.95,128.42,156,302302.74648574,334439.38902579696,302302.74648574,334439.38902579696,38.82197522011127,-1151237.183795331,1976682.6143843601,1976682.6143843601,-1151237.183795331,31.41139982552844,0,78.57142857142857,8.670962373123501,-81.71328060608036,-90.38424297920386,38.82197522011127,48.86777719937532,37.24911976533761
1546819200,155.99,157.24,113.46,115.25,331136.93109962,345541.22635779495,331136.93109962,345541.22635779495,35.24660693940638,-1482374.114894951,1672623.577604901,1672623.577604901,-1482374.114894951,31.144585178922036,0,71.42857142857143,9.003614808236236,-79.12972446890856,-88.1333392771448,35.24660693940638,22.88779317697228,35.57690026334394
1547424000,115.42,131.47,115.24,117.48,314823.76174705,356069.47989875544,314823.76174705,356069.47989875544,35.59616299526773,-1167550.3531479011,1444701.2608749052,1444701.2608749052,-1167550.3531479011,30.896828721358943,0,64.28571428571429,9.685938765330604,-76.02591582048154,-85.71185458581215,35.59616299526773,25.746058558558563,32.50054297830201
1548028800,117.46,119.98,110.32,111.33,215600.36362802,352497.94502448343,215600.36362802,352497.94502448343,35.034462642083184,-1383150.7167759212,1274185.0312560573,1274185.0312560573,-1383150.7167759212,30.74654178245732,21.428571428571427,57.142857142857146,9.994793272319981,-73.21836299541218,-83.21315626773216,35.034462642083184,21.417511261261257,23.35045433226399
1548633600,111.46,112.14,100.9,105.91,277123.39943049004,346584.62333212246,277123.39943049004,346584.62333212246,34.51751109724955,-1660274.1162064113,1244105.8010687619,1244105.8010687619,-1660274.1162064113,30.763936796316482,14.285714285714286,50,10.077180438655361,-70.61668071941295,-80.69386115806832,34.51751109724955,17.602759009009006,21.58877627627623
1549238400,105.8,125.1,100,123.94,305266.64032689005,346947.40342188795,305266.64032689005,346947.40342188795,37.80519180488568,-1355007.475879521,1521156.5606961148,1521156.5606961148,-1355007.475879521,30.371024773311923,7.142857142857143,42.857142857142854,11.486859675773161,-66.33528656335187,-77.82214623912503,37.80519180488568,30.29279279279279,23.104354354354303
1549843200,123.88,134.38,117,132.28,359940.8681768,353355.539162403,359940.8681768,353355.539162403,39.32274999214702,-995066.6077027211,1794115.1707404316,1794115.1707404316,-995066.6077027211,29.714365228503986,0,35.714285714285715,13.009988114795647,-61.559661095630474,-74.56964921042612,39.32274999214702,39.416954353663215,29.104168718488292
1550448000,132.15,165.76,131,131.84,700413.5340839,382342.132704927,700413.5340839,382342.132704927,39.268311666680994,-1695480.1417866212,1127553.614138147,1127553.614138147,-1695480.1417866212,28.185741156381184,0,28.571428571428573,13.934407923189,-57.151639306439876,-71.08604722962887,39.268311666680994,53.59284587059443,41.100864339016766
1551052800,131.54,141.98,125.66,129.63,390097.991223,393155.7031223455,390097.991223,393155.7031223455,38.976443076842344,-2085578.1330096212,927245.9446253567,927245.9446253567,-2085578.1330096212,26.89128442215282,0,21.428571428571427,14.290392547675253,-53.22305654503481,-67.51344909271006,38.976443076842344,57.42399245816639,50.144597560807966
1551657600,129.73,140.13,122.52,134.59,304639.35963703,394654.37377507205,304639.35963703,394654.37377507205,40.05336453327969,-1780938.7733725912,1040209.8866145569,1040209.8866145569,-1780938.7733725912,25.765994705398736,85.71428571428571,14.285714285714286,14.696433663363067,-49.14290701350623,-63.8393406768693,40.05336453327969,63.268913504595815,58.095250611118836
1552262400,134.8,143.85,127.35,138.15,227649.86033265,401486.567690737,227649.86033265,401486.567690737,40.86007975415849,-1553288.9130399413,1110574.3888991945,1110574.3888991945,-1553288.9130399413,24.60196330528583,78.57142857142857,7.142857142857143,14.989722997298728,-45.10218693024589,-60.09190992754462,40.86007975415849,67.46405844921047,62.718988137324175
1552867200,138.1,141.34,132,135.29,169615.88497356,405167.49140835006,169615.88497356,405167.49140835006,40.389830423187504,-1722904.7980135013,1060452.3500847374,1060452.3500847374,-1722904.7980135013,23.52107700518099,71.42857142857143,0,14.753092974745151,-41.65054370911318,-56.40363668385833,40.389830423187504,62.95891077072696,64.5639609081777
1553472000,135.31,145.5,130.6,141.02,200912.58309645,408326.75534451904,200912.58309645,408326.75534451904,41.83417281214587,-1521992.2149170514,1140547.702003725,1140547.702003725,-1521992.2149170514,22.368129199513014,64.28571428571429,0,14.711292751643299,-38.01452074430421,-52.725813495947506,41.83417281214587,62.378345498783474,64.26710490624026
1554076800,141.02,180.03,138.27,174.9,665442.80959979,425093.13116377406,665442.80959979,425093.13116377406,49.60877504453566,-856549.4053172613,1642498.0971759807,1642498.0971759807,-856549.4053172613,21.36131953632402,100,42.857142857142854,16.556736533621617,-32.02989282892048,-48.5866293625421,49.60877504453566,93.58990378608023,72.97572001853018
1554681600,174.93,187.26,159.17,168,404461.80301051005,401021.7128030141,404461.80301051005,401021.7128030141,48.195877929925246,-1261011.2083277714,1492318.7947409642,1492318.7947409642,-1261011.2083277714,20.634929179011984,100,35.714285714285715,16.84810660136158,-27.526496110840128,-44.37460271220171,48.195877929925246,77.92803117121248,77.96542681869202
1555286400,168,177.92,156.02,169.87,262326.68830351,386522.2218290531,262326.68830351,386522.2218290531,48.622947296498154,-998684.5200242614,1561793.4427848165,1561793.4427848165,-998684.5200242614,19.843578851399833,92.85714285714286,28.571428571428573,16.67141994072564,-23.53532778629466,-40.2067477270203,48.622947296498154,80.07105202842082,83.86299566190446
1555891200,169.62,177.07,146.17,153.13,381533.82477126,368272.58244841103,381533.82477126,368272.58244841103,45.0431274589588,-1380218.3447955213,1352135.0497551728,1352135.0497551728,-1380218.3447955213,18.739364638352143,85.71428571428571,21.428571428571427,14.984982335247594,-21.475519807960808,-36.4605021432084,45.0431274589588,60.887004354801746,72.96202918481164
1556496000,152.99,169,148.1,161.35,281362.41628932,366818.941344882,281362.41628932,366818.941344882,47.10259661200703,-1098855.9285062014,1427524.0225408277,1427524.0225408277,-1098855.9285062014,17.71402286909358,78.57142857142857,14.285714285714286,13.999403015260533,-18.961248374132737,-32.96065138939327,47.10259661200703,70.30712812285124,70.42172816869123
1557100800,161.36,207,157.63,188.26,712068.4668040199,370565.191152759,712068.4668040199,370565.191152759,53.275688674564236,-386787.4617021815,1599014.686310319,1599014.686310319,-386787.4617021815,17.952823558196894,100,7.142857142857143,14.66561845277652,-14.628628323422618,-29.294246776199138,53.275688674564236,82.48598130841121,71.2267045953547
1557705600,188.07,281,185.64,261.34,1072404.95437127,393956.24436954403,1072404.95437127,393956.24436954403,65.16493957908176,685617.4926690885,2229232.5307206158,2229232.5307206158,685617.4926690885,19.6844479651128,100,0,19.245258357067875,-5.237673829864292,-24.482932186932167,65.16493957908176,88.01219512195121,80.26843485107118
1558310400,260.71,272.9,231.2,268.21,470002.57831461,402341.2359609875,470002.57831461,402341.2359609875,66.03977237886465,1155620.0709836986,2593512.7065270473,2593512.7065270473,1155620.0709836986,21.292384914391853,92.85714285714286,0,21.768453252145463,2.727634378249661,-19.0408188738958,66.03977237886465,91.92958101968702,87.47591915001645
1558915200,268.5,289.04,239.33,269.42,418653.86687587,406717.08274980006,418653.86687587,406717.08274980006,66.20077337722142,1574273.9378595685,2681690.256038018,2681690.256038018,1574273.9378595685,23.047390070611645,100,14.285714285714286,22.45961552415131,9.033700531293334,-13.425914992857974,66.20077337722142,88.21763151573384,89.38646921912398
1559520000,269.28,270.36,223,231.73,306757.66264637,406313.77779476607,306757.66264637,406313.77779476607,57.117315354914844,1267516.2752131985,2488023.5729061244,2488023.5729061244,1267516.2752131985,24.003451362581863,92.85714285714286,7.142857142857143,19.43256624259589,10.864792810386888,-8.567773432209002,57.117315354914844,65.58371366802785,81.91030873448288
1560124800,231.27,279.2,227.47,268.19,310348.60551351996,411051.18988904107,310348.60551351996,411051.18988904107,62.48047464855805,1577864.8807267183,2666265.542165871,2666265.542165871,1577864.8807267183,25.056141166765993,85.71428571428571,0,18.92148594110619,15.084083994173739,-3.837401946932453,62.48047464855805,87.10495392417587,80.30209970264582
1560729600,268.41,318.28,260.58,306.39,362088.91780288,415299.46580766054,362088.91780288,415299.46580766054,67.12026559156618,1939953.7985295984,2879126.133012902,2879126.133012902,1939953.7985295984,26.67872857984628,100,0,20.082074768986804,21.26519151430105,1.1831167453142477,67.12026559156618,93.6647485080989,82.11780536676751
1561334400,305.93,363.18,274.23,289.95,567140.4838661801,428393.15798462497,567140.4838661801,428393.15798462497,63.4818382623668,1372813.3146634183,2512445.422196218,2512445.422196218,1372813.3146634183,28.76093458234984,100,7.142857142857143,18.69682517582261,24.55414821509251,5.8573230392699,63.4818382623668,68.51405967839023,83.09458737022162
1561939200,290.45,310.7,261.38,306.59,340385.44231741,427415.3866916555,340385.44231741,427415.3866916555,65.51922400219775,1713198.7569808285,2796099.957460726,2796099.957460726,1713198.7569808285,30.1891968049941,92.85714285714286,0,17.856984926657596,28.178554197591893,10.3215692709343,65.51922400219775,74.83882441865633,79.00587753504844
1562544000,306.9,318.7,191.91,225.89,427505.25150362006,413769.9725626415,427505.25150362006,413769.9725626415,50.7355698772901,1285693.5054772084,2597739.408947768,2597739.408947768,1285693.5054772084,29.29446127569581,85.71428571428571,0,11.15031142485191,24.259458551999188,13.109147127147278,50.7355698772901,36.7356343025667,60.029506133204386
1563148800,226.25,236.52,190.41,225.28,420364.00634877,415283.27331893,420364.00634877,415283.27331893,50.642551317982814,865329.4991284384,2813163.4269486666,2813163.4269486666,865329.4991284384,28.422983546569412,78.57142857142857,14.285714285714286,6.203738286899219,20.8638199857713,14.660081698872082,50.642551317982814,36.45454126537948,49.342999995534136
1563753600,226.15,228.3,197.81,211.14,230277.12391747002,411565.161532952,230277.12391747002,411565.161532952,48.42618480989839,635052.3752109684,2784237.17622371,2784237.17622371,635052.3752109684,27.61375422666633,71.42857142857143,7.142857142857143,1.7420769300190688,16.837677861395917,15.095600931376849,48.42618480989839,29.938712501728027,34.37629602322469
1564358400,211.48,224.8,204.08,223,121563.84460435,406260.860746537,121563.84460435,406260.860746537,50.38745518824365,756616.2198153185,2884679.889526146,2884679.889526146,756616.2198153185,26.86232700104204,64.28571428571429,0,-0.526474742363801,14.437507503422097,14.963982245785898,50.38745518824365,34.82425144132416,33.73916840281052
1564963200,223.39,239.62,198.23,216.02,280606.85844557,411810.40942013747,280606.85844557,411810.40942013747,49.20157015255071,476009.3613697485,2845290.523796048,2845290.523796048,476009.3613697485,26.49812366114146,57.142857142857146,0,-2.502631368720653,11.835693034885082,14.338324403605736,49.20157015255071,28.406713694964736,31.05655921267227
1565568000,216.11,216.38,173.35,194.72,278292.53158238996,415679.40684443444,278292.53158238996,415679.40684443444,45.669303989621746,197716.82978735853,2843414.9757096223,2843414.9757096223,197716.82978735853,25.356107976317826,50,0,-5.100091991813482,7.963209413838882,13.063301405652364,45.669303989621746,11.257440868145185,24.829468668144656
1566172800,194.54,203.68,180,186.45,185978.07100484,391706.16991468694,185978.07100484,391706.16991468694,44.33834543891334,11738.758782518533,2758750.9721018444,2758750.9721018444,11738.758782518533,24.29566484041017,42.857142857142854,92.85714285714286,-7.107642444603059,4.178748349898541,11.2863907945016,44.33834543891334,6.900911341726806,15.521688634945535
1566777600,186.83,194.66,163.62,171.27,141041.35526374,378535.1475273484,141041.35526374,378535.1475273484,41.9231883308467,-129302.59648122147,2687230.6456891103,2687230.6456891103,-129302.59648122147,22.790653785767034,35.714285714285715,100,-9.064989821171196,-0.044846481962395046,9.0201433392088,41.9231883308467,3.8334335538184034,7.330595254563424
1567382400,171.48,184.48,165,181.48,127106.09824360999,371774.11802435346,127106.09824360999,371774.11802435346,44.12764484792435,-2196.4982376114785,2775187.021681095,2775187.021681095,-2196.4982376114785,21.39314352074127,28.571428571428573,92.85714285714286,-9.247272068524193,-2.5389467464464417,6.7083253220777515,44.12764484792435,8.949689316496285,6.561344737347125
1567987200,181.49,190.88,173.9,189.54,101376.67019793,357766.26029568695,101376.67019793,357766.26029568695,45.874257573878005,99180.17196031852,2860563.1338030268,2860563.1338030268,99180.17196031852,20.295938779316348,21.428571428571427,85.71428571428571,-8.42355391863094,-3.821117076210925,4.6024368424200155,45.874257573878005,12.988574864702338,8.590565911672302
1568592000,189.34,224.68,188.4,211.17,341201.17713897,360758.1983381695,341201.17713897,360758.1983381695,50.35908352786065,440381.3490992885,2947650.314076093,2947650.314076093,440381.3490992885,20.22750970274425,14.285714285714286,78.57142857142857,-6.127270194461195,-3.0566509006564786,3.0706192938047163,50.35908352786065,23.827420324714364,15.255228168637624
1569196800,211.46,211.71,152.26,169.42,452805.4574631599,347795.04787112644,452805.4574631599,347795.04787112644,42.959815220860456,-12424.108363871404,2756245.7531669387,2756245.7531669387,-12424.108363871404,18.96897157431001,7.142857142857143,100,-7.059184128491795,-5.753360866810027,1.3058232616817675,42.959815220860456,8.135786080030341,14.983927089815642
1569801600,169.47,185.82,165.2,170.12,208183.76053103997,304583.988179115,208183.76053103997,304583.988179115,43.110742404363464,195759.65216716856,2647408.65624528,2647408.65624528,195759.65216716856,17.800329026478217,0,92.85714285714286,-7.240468208149549,-7.744761998505169,-0.5042937903556199,43.110742404363464,10.730593607305945,14.23126667068351
1570406400,170.17,197.9,168.71,181.18,218374.45875442997,292002.58220110595,218374.45875442997,292002.58220110595,45.56168418383142,414134.1109215985,2615613.8138435557,2615613.8138435557,414134.1109215985,17.07373330117488,7.142857142857143,85.71428571428571,-6.264115337396298,-8.334437962100992,-2.070322624704694,45.56168418383142,17.375630857966847,12.080670181767672
1571011200,180.96,188.52,168.34,175.62,155977.98986670998,278868.78835064796,155977.98986670998,278868.78835064796,44.523215046361734,258156.12105488853,2572174.9484792887,2572174.9484792887,258156.12105488853,16.385988777811303,0,78.57142857142857,-5.6597324708069605,-9.144988213213395,-3.4852557424064345,44.523215046361734,26.73992673992675,18.28205040173314
1571616000,175.5,198.97,153.21,184.34,268183.13482826,276940.06195974245,268183.13482826,276940.06195974245,46.57970450413272,526339.2558831485,2668875.598056786,2668875.598056786,526339.2558831485,15.217504320282046,21.428571428571427,71.42857142857143,-4.395960030669643,-8.98020578074349,-4.584245750073846,46.57970450413272,36.72161172161173,26.94572310650174
1572220800,184.36,193.24,177.25,181.57,155475.48082202,269196.4057251675,155475.48082202,269196.4057251675,45.99641103105232,370863.77506112854,2597409.3826695536,2597409.3826695536,370863.77506112854,14.132483038290596,14.285714285714286,64.28571428571429,-3.508389695072016,-8.969732868913866,-5.46134317384185,45.99641103105232,33.55082417582417,32.33745421245418
1572825600,181.61,194.73,180.42,188.99,105822.52085176,256383.08587761153,105822.52085176,256383.08587761153,47.87923613115086,476686.29591288854,2618337.246681467,2618337.246681467,476686.29591288854,13.177382066011981,7.142857142857143,57.142857142857146,-2.244845129895081,-8.2673995862107,-6.0225544563156195,47.87923613115086,42.044413919413934,37.43894993894991
1573430400,188.98,190,177.11,183.85,76018.95790009001,231827.00957930702,76018.95790009001,231827.00957930702,46.66549211084218,400667.3380127985,2621816.7800531546,2621816.7800531546,400667.3380127985,12.314958555059679,0,50,-1.6083176968774282,-8.032951577412405,-6.4246338805349765,46.66549211084218,43.6205468102734,39.7385949685038
1574035200,183.53,184.12,137.71,139.79,192519.26787166,224433.70085701952,192519.26787166,224433.70085701952,37.8159473192957,208148.0701411385,2446554.1412344165,2446554.1412344165,208148.0701411385,12.868510118591942,35.714285714285715,100,-3.8782780692302765,-11.272481467072822,-7.394203397842546,37.8159473192957,2.3916292974588758,29.352196675715366
1574640000,140.08,157.76,131.74,151.13,236061.13989871,214861.495276774,236061.13989871,214861.495276774,40.921288629288995,444209.2100398485,2562316.637203192,2562316.637203192,444209.2100398485,13.555734984079496,28.571428571428573,100,-4.306635660599772,-12.777497973592261,-8.47086231299249,40.921288629288995,20.862922315472332,22.291699474401497
1575244800,151.1,152.57,143.11,150.62,82735.33896567,197980.061907619,82735.33896567,197980.061907619,40.82255336603426,361473.8710741785,2610943.3269124017,2610943.3269124017,361473.8710741785,14.193872359175083,21.428571428571427,92.85714285714286,-4.304680716282636,-13.851713208345785,-9.547032492063149,40.82255336603426,20.314181192166984,14.522910935032693
1575849600,150.53,151.58,139.18,142.33,85492.17612863,190740.814518177,85492.17612863,190740.814518177,39.16820965186437,275981.6949455485,2568886.6918813824,2568886.6918813824,275981.6949455485,14.911755390946965,14.285714285714286,85.71428571428571,-4.519806878949364,-15.196791090749855,-10.676984211800491,39.16820965186437,11.39444803098774,17.523850512875647
1576454400,142.53,142.53,116,132.28,230388.04664105002,196182.02462001197,230388.04664105002,196182.02462001197,37.20002850485188,45593.64830449846,2621251.5588714136,2621251.5588714136,45593.64830449846,16.258599095284797,7.142857142857143,100,-4.961735539166622,-16.87915363575877,-11.917418096592147,37.20002850485188,14.979757085020243,15.562795436058286
1577059200,132.44,137.72,121.82,134.25,82543.59299631,186278.86134754898,82543.59299631,186278.86134754898,37.85919191373092,128137.24130080847,2667766.6905221646,2667766.6905221646,128137.24130080847,17.50923967788421,0,92.85714285714286,-4.744255862294924,-17.8477379244608,-13.103482062165877,37.85919191373092,19.06801797095392,15.14740769565393
1577664000,133.95,138.23,125.55,134.94,94679.1260029,177098.1910685745,94679.1260029,177098.1910685745,38.104246056990846,222816.36730370845,2713314.21959296,2713314.21959296,222816.36730370845,18.639997378392444,0,85.71428571428571,-4.1957459495401075,-18.348164499091013,-14.152418549550905,38.104246056990846,22.827528022176686,18.958434359383578
1578268800,135.22,148,134.81,146.28,145977.73396674,175098.17421666946,145977.73396674,175098.17421666946,42.14249859717186,368794.1012704484,2821220.4293106035,2821220.4293106035,368794.1012704484,19.100591886371884,21.428571428571427,78.57142857142857,-2.7792854206621733,-17.626525325378623,-14.84723990471645,42.14249859717186,36.495118717608776,26.130221570246423
1578873600,146.69,179.26,142.14,166.72,257328.9598248,180912.55444472248,257328.9598248,180912.55444472248,48.64616184469574,626123.0610952484,2904685.9647710184,2904685.9647710184,626123.0610952484,17.957930697919902,14.285714285714286,71.42857142857143,-0.3059881677037275,-15.22972511434611,-14.923736946642382,48.64616184469574,61.13052910690611,40.15105861556382
1579478400,166.78,171.03,155.12,167.65,142434.08053072,181678.95355907799,142434.08053072,181678.95355907799,48.92746366201868,768557.1416259685,2986601.227929792,2986601.227929792,768557.1416259685,16.896888165785917,7.142857142857143,64.28571428571429,1.4556743284953448,-13.1041440360232,-14.559818364518545,48.92746366201868,62.25141617452093,53.29235466634523
1580083200,167.52,193.13,164.77,188.16,155690.12418125,184394.62625824398,155690.12418125,184394.62625824398,54.806941513371164,924247.2658072185,3087722.9517456815,3087722.9517456815,924247.2658072185,16.395900259374404,0,57.142857142857146,3.9251807680564035,-9.65334240444804,-13.578523172504443,54.806941513371164,91.65502349803126,71.67898959315274
1580688000,187.69,230.98,181.93,228.42,227756.77321990998,178722.40606229097,227756.77321990998,178722.40606229097,63.65239209735666,1152004.0390271284,3291705.7253960515,3291705.7253960515,1152004.0390271284,17.14417373524055,100,50,7.960347049319122,-3.6280893608555402,-11.588436410174662,63.65239209735666,97.77352583057922,83.8933218343771
1581292800,229.23,289.04,213.37,258.89,355349.75046521996,173849.62071239398,355349.75046521996,173849.62071239398,68.65304741715168,1507353.7894923482,3363883.9421880487,3363883.9421880487,1507353.7894923482,19.07940471411888,100,42.857142857142854,12.122390333315954,3.5645515064702806,-8.557838826845673,68.65304741715168,82.57628294036058,90.66827742299033
1581897600,258.75,287,242.31,275.66,266392.47038018994,176760.05620485148,266392.47038018994,176760.05620485148,71.01650157796152,1773746.259872538,3495083.2770072026,3495083.2770072026,1773746.259872538,20.876404908791617,92.85714285714286,35.714285714285715,15.243845104233893,10.496967553446694,-4.7468775507871985,71.01650157796152,92.26768377253813,90.87249751449262
1582502400,275.41,278.22,209.37,217.34,319551.05151693,181818.88584297648,319551.05151693,181818.88584297648,55.37903550688828,1454195.208355608,3249513.9794652886,3249513.9794652886,1454195.208355608,21.152788449358855,85.71428571428571,28.571428571428573,12.72263515507878,11.156416393061278,-1.566218762017503,55.37903550688828,58.56449375866851,77.80282015718905
1583107200,217.14,252.82,195.91,199.38,318938.40076483996,189966.906387883,318938.40076483996,189966.906387883,51.610127488666215,1135256.807590768,2969469.138730461,2969469.138730461,1135256.807590768,20.909295806995726,78.57142857142857,21.428571428571427,9.343561720237986,10.11323338827998,0.7696716680419935,51.610127488666215,48.18539066111881,66.33918939744179
1583712000,199.83,208.62,88.2,123.55,1205275.35532738,236821.517412839,1205275.35532738,236821.517412839,39.41361150552804,-70018.54773661192,2471825.137178581,2471825.137178581,-70018.54773661192,20.890219162157614,71.42857142857143,100,1.889508612958537,3.1315574342401646,1.2420488212816276,39.41361150552804,17.601075482971513,41.450319967586246
1584316800,123.11,153.48,100.66,122.47,730720.7983762999,265583.783290553,730720.7983762999,265583.783290553,39.27126620146347,-800739.3461129118,2344550.783807473,2344550.783807473,-800739.3461129118,20.872505134807938,64.28571428571429,92.85714285714286,-2.9618452283748407,-2.4602577141869233,0.5015875141879174,39.27126620146347,17.063333997211707,27.61660004710065
1584921600,122.24,144.06,119.04,124.59,428850.9520944,281735.204852685,428850.9520944,281735.204852685,39.73140070449115,-371888.3940185118,2105957.4483496766,2105957.4483496766,-371888.3940185118,20.856056395126096,57.142857142857146,85.71428571428571,-5.716594439020559,-6.644155534587782,-0.9275610955672227,39.73140070449115,18.118900617406887,17.59443669919668
1585526400,124.45,150,124.01,143.03,229997.00668888004,289434.1072921245,229997.00668888004,289434.1072921245,43.725440752115716,-141891.38732963178,2212593.2286729165,2212593.2286729165,-141891.38732963178,20.651527649426082,50,78.57142857142857,-5.958290430924448,-8.375424134222783,-2.417133703298335,43.725440752115716,27.30033857797251,20.827524397530343
1586131200,142.79,176.65,142.79,158.39,434618.0255294,301539.04517501144,434618.0255294,301539.04517501144,46.88312579065638,292726.6381997682,2178450.1705539497,2178450.1705539497,292726.6381997682,19.653073700840554,42.857142857142854,71.42857142857143,-4.795161503401071,-8.411085582549674,-3.615924079148603,46.88312579065638,34.94821748655645,26.789152227311927
1586736000,158.05,189.73,148.19,180.2,319220.2791387301,305697.00213701243,319220.2791387301,305697.00213701243,51.080590438195664,611946.9173384983,2351201.058253484,2351201.058253484,611946.9173384983,18.358222011005683,35.714285714285715,64.28571428571429,-2.389935598070573,-6.603343576736819,-4.213407978666246,51.080590438195664,45.80760804620592,36.01872137024494
1587340800,180.15,200,166.8,197.96,398654.71120709,321492.97074908344,398654.71120709,321492.97074908344,54.250950522626084,1010601.6285455883,2700864.4676013896,2700864.4676013896,1010601.6285455883,17.22230158508766,28.571428571428573,57.142857142857146,0.41471232132809543,-3.6950175770061264,-4.109729898334222,54.250950522626084,54.650468034256114,45.135431189006134
1587945600,197.98,227.73,189.2,210.2,415880.60541036003,338012.39221316995,415880.60541036003,338012.39221316995,56.3505169941131,1426482.2339559484,2738318.5475591873,2738318.5475591873,1426482.2339559484,16.88055956925904,21.428571428571427,50,2.9694672251170906,-0.3978958669378585,-3.367363092054949,56.3505169941131,60.74487153953394,53.73431587333197
1588550400,209.91,216.85,180,188.06,449366.36902696,348961.3083324655,449366.36902696,348961.3083324655,51.726283926258745,977115.8649289884,2485527.100342664,2485527.100342664,977115.8649289884,16.27992537106003,14.285714285714286,42.857142857142854,3.0328502558464647,0.4236997277531316,-2.609150528093333,51.726283926258745,49.72117108145787,55.03883688508262
1589155200,187.84,210,175.51,207.03,379109.74773912004,363789.6160696059,379109.74773912004,363789.6160696059,55.12431465606929,1356225.6126681084,2799345.1142003583,2799345.1142003583,1356225.6126681084,15.581161226933734,7.142857142857143,35.714285714285715,4.147998699558101,2.575847846354293,-1.572150853203808,55.12431465606929,59.16650069707229,56.54418110602134
1589760000,207.02,217.1,191.47,199.64,296746.38446909003,373892.9789929154,296746.38446909003,373892.9789929154,53.54313167875844,1059479.2281990184,2691784.6806569383,2691784.6806569383,1059479.2281990184,15.133109887002568,0,28.571428571428573,4.172227657606356,3.643133718804137,-0.5290939388022191,53.54313167875844,56.056338028169,54.98133660223303
1590364800,199.65,247.43,196.6,231.63,368992.5040915,385043.71749915346,368992.5040915,385043.71749915346,59.02259322072709,1428471.7322905185,2831381.8841525028,2831381.8841525028,1428471.7322905185,15.50418922532833,0,21.428571428571427,6.015049544999032,6.989717992446572,0.9746684474475393,59.02259322072709,75.48152826018313,63.56812232847478
1590969600,231.34,253.43,225,244.74,414069.83780694,392880.7613982605,414069.83780694,392880.7613982605,61.05012271865713,1842541.5700974585,2992320.0377848167,2992320.0377848167,1842541.5700974585,15.992360362969157,0,14.285714285714286,7.682539472539147,10.577842788121472,2.895303315582326,61.05012271865713,94.74066452823337,75.42617693886181
1591574400,244.91,251.01,215,231.59,356086.32849444,403563.3737964465,356086.32849444,403563.3737964465,57.95267528946406,1486455.2416030185,2964335.469341627,2964335.469341627,1486455.2416030185,16.06704323280317,92.85714285714286,7.142857142857143,7.459360233662334,12.219503607660243,4.760143373997909,57.95267528946406,86.78206136900077,85.66808471913907
1592179200,231.41,237.42,217.79,227.73,230809.48833877998,407319.34200432297,230809.48833877998,407319.34200432297,57.03787358648099,1255645.7532642386,2967274.96868369,2967274.96868369,1255645.7532642386,16.13639161193475,85.71428571428571,0,6.6387103201321995,13.058531274163158,6.419820954030959,57.03787358648099,83.17732539111081,88.2333504294483
1592784000,227.71,249.11,215.79,224.94,333928.82984177995,412627.9448354164,333928.82984177995,412627.9448354164,56.345541256809334,921716.9234224586,2816746.4265401266,2816746.4265401266,921716.9234224586,16.52957160676406,78.57142857142857,0,5.539751123779031,13.344509858754748,7.804758734975716,56.345541256809334,78.80050599002902,82.91996425004685
1593388800,225.08,232.8,220.92,227.78,189687.57352973998,404344.8359886424,189687.57352973998,404344.8359886424,56.918783340264156,1111404.4969521984,2846125.64668278,2846125.64668278,1111404.4969521984,16.894667316248416,71.42857142857143,0,4.670629551621907,13.6430456745031,8.972416122881192,56.918783340264156,80.1808066759388,80.7195460190262
1593993600,227.74,249,227.06,242.74,240843.13330992,403067.3691351289,240843.13330992,403067.3691351289,59.905488301683434,1352247.6302621185,2949532.315587951,2949532.315587951,1352247.6302621185,17.691926965497796,64.28571428571429,0,4.753951314534623,14.914855266049472,10.160903951514848,59.905488301683434,90.33803326102675,83.1064486423315
1594598400,243.26,245.47,229.44,239.24,161003.08923448,395139.97102100647,161003.08923448,395139.97102100647,58.877065600222146,1191244.5410276386,2985388.8987799096,2985388.8987799096,1191244.5410276386,18.43223949694365,57.142857142857146,0,4.240968952735516,15.462115142434243,11.221146189698727,58.877065600222146,86.51653363740024,85.67845785812192
1595203200,239.3,320.77,234.09,311.47,480278.93009303,403206.9974874159,480278.93009303,403206.9974874159,70.23397456543978,1671523.4711206686,3362608.4368594377,3362608.4368594377,1671523.4711206686,20.6932146318921,100,0,8.204371755774913,21.47661088441737,13.272239128642456,70.23397456543978,93.95986231083981,90.27147640308891
1595808000,311.38,415.67,305.76,371.96,621054.7301562,373995.96622885694,621054.7301562,373995.96622885694,76.16950749414048,2292578.2012768686,3489689.875138147,3489689.875138147,2292578.2012768686,23.83940075083604,100,0,13.997799137970798,30.769488051105952,16.771688913135154,76.16950749414048,81.79963357761491,87.42534317528497
1596412800,372.42,407.7,360,390.32,347507.84464378003,354835.31854223093,347507.84464378003,354835.31854223093,77.62772653607192,2640086.0459206486,3583961.3952574446,3583961.3952574446,2640086.0459206486,26.76085928985541,92.85714285714286,14.285714285714286,17.91400744401752,39.164198218157054,21.250190774139533,77.62772653607192,89.44453697534976,88.4013442879348
1597017600,391.36,444.8,365.41,434.05,460778.76900638005,356431.7093878299,460778.76900638005,356431.7093878299,80.66283390123755,3100864.8149270285,3919954.3784767333,3919954.3784767333,3100864.8149270285,29.76950652500035,100,7.142857142857143,22.026541574738616,48.7833677425628,26.756826167824187,80.66283390123755,96.00802109250252,89.08406388182239
1597622400,434.27,447,379.4,390.86,354201.62060043,362641.94008340745,354201.62060043,362641.94008340745,70.49127096820968,2746663.1943265987,3685845.9700680473,3685845.9700680473,2746663.1943265987,32.57980078378066,100,0,20.449308811338074,52.31846218199678,31.869153370658704,70.49127096820968,78.02997691073455,87.82751165952892
1598227200,390.98,430,368.5,428.92,319801.82939984,356901.13027692947,319801.82939984,356901.13027692947,73.64514996665602,3066465.0237264386,3994415.7352157957,3994415.7352157957,3066465.0237264386,34.727784590911604,92.85714285714286,0,20.527098609449638,57.528026632470755,37.00092802302112,73.64514996665602,92.77955271565496,88.939183572964
1598832000,428.78,489,309.7,352.76,793982.82199938,380639.25741996197,793982.82199938,380639.25741996197,59.858385493075446,2272482.2017270587,3581792.649025599,3581792.649025599,2272482.2017270587,37.208313262785495,100,0,14.302107645053638,54.878562579338166,40.57645493428453,59.858385493075446,50.277372262773724,73.6956339630544
1599436800,353.5,390.55,323.28,366.48,376581.55637105,379535.59967816,376581.55637105,379535.59967816,61.265182948021575,2649063.7580981087,3688883.5539368256,3688883.5539368256,2649063.7580981087,39.511661315239834,92.85714285714286,7.142857142857143,10.156314344125349,53.27184786444121,43.115533520315864,61.265182948021575,55.28467153284672,66.11386550375846
1600041600,366.55,394.32,354.85,370.86,311130.71534935,374298.10517510946,311130.71534935,374298.10517510946,61.72633219480792,2960194.473447459,3630157.3358128667,3630157.3358128667,2960194.473447459,41.67954558586857,85.71428571428571,0,6.911845918481141,51.75534091841729,44.84349499993615,61.72633219480792,56.758537388821786,54.10686039481407
1600646400,371.04,376.47,313,357.39,379273.81985181,370793.477716352,379273.81985181,370793.477716352,59.384834608761224,2580920.6535956487,3781400.7638962017,3781400.7638962017,2580920.6535956487,42.025957294257246,78.57142857142857,7.142857142857143,3.2474920650862984,48.90286008129402,45.655368016207724,59.384834608761224,51.82826397276819,54.62382429814556
1601251200,357.86,369.69,334.46,352.68,228762.42682546002,363276.111670669,228762.42682546002,363276.111670669,58.54850580686437,2352158.2267701887,3789257.776001192,3789257.776001192,2352158.2267701887,42.347625309189596,71.42857142857143,0,0.06369468788884092,45.734986376068775,45.671291688179934,58.54850580686437,49.14950760966875,52.57876965708622
1601856000,352.6,378.51,332.93,374.33,190928.55847439,357985.220370934,190928.55847439,357985.220370934,61.249946779292586,2543086.7852445785,3945167.4062428945,3945167.4062428945,2543086.7852445785,42.77038442455221,64.28571428571429,0,-0.9699108353099533,44.458903144042495,45.42881397935245,61.249946779292586,56.222799114300976,52.40019023224596
1602460800,374.13,395.44,361.34,378.48,209769.47279324997,350024.0688060215,209769.47279324997,350024.0688060215,61.76434412157602,2752856.2580378284,3946274.693782566,3946274.693782566,2752856.2580378284,43.39546819848923,57.142857142857146,0,-1.7162329449053075,43.283522798220815,44.99975574312612,61.76434412157602,57.42024965325937,54.26418545907635
1603065600,378.58,421.52,364.25,406.28,264769.96616301005,342559.075223825,264769.96616301005,342559.075223825,65.10597772331228,3017626.2242008382,4070129.8953454616,4070129.8953454616,3017626.2242008382,44.30320741776916,50,0,-0.7301685469073647,44.08704505949191,44.81721360639928,65.10597772331228,67.54933113647952,60.39745996801327
1603670400,406.2,411.26,373.73,396.78,233697.01314839,336439.6094565225,233697.01314839,336439.6094565225,63.077237487523576,2783929.2110524485,4123494.7608578964,4123494.7608578964,2783929.2110524485,45.14610812138623,42.857142857142854,0,-1.0887036315735372,43.45633406693236,44.545037698505894,63.077237487523576,49.67256057629337,58.21404712201075
1604275200,397.14,468.91,370.43,454.83,340646.47517344996,341931.458798256,340646.47517344996,341931.458798256,69.36008399557309,3124575.6862258986,4366734.607874519,4366734.607874519,3124575.6862258986,46.540386647371044,35.714285714285715,0,2.042151945518164,47.0977276304036,45.05557568488543,69.36008399557309,80.94255437813719,66.05481536363668
1604880000,454.47,478.51,434.26,448.45,271189.24012733996,338794.47931253404,271189.24012733996,338794.47931253404,67.99073194173243,2853386.4460985586,4269474.195652578,4269474.195652578,2853386.4460985586,47.9203735714971,28.571428571428573,28.571428571428573,3.079538808683381,48.90499919573966,45.82546038705628,67.99073194173243,77.38427216954824,69.33312904132625
1605484800,448.51,581.92,445.91,561.26,478184.99205108,353219.35023860104,478184.99205108,353219.35023860104,76.73641526765994,3331571.4381496385,4602386.017557709,4602386.017557709,3331571.4381496385,49.888592808521395,100,21.428571428571427,10.349806964176253,58.7627190922766,48.412912128100345,76.73641526765994,92.41055029020646,83.57912561263062
1606089600,561.73,623.65,480.74,576.6,693320.66325132,375843.226735671,693320.66325132,375843.226735671,77.63140718277923,4024892.1014009584,4839185.272846331,4839185.272846331,4024892.1014009584,51.90725270599721,100,14.285714285714286,14.901707896534298,67.04004699876822,52.13833910223392,77.63140718277923,85.01353718745024,84.93611988240163
1606694400,576.97,636.93,561,602.47,637477.51292159,399666.94792002655,637477.51292159,399666.94792002655,79.09225640352915,4662369.614322549,4898038.392371952,4898038.392371952,4662369.614322549,53.837950207413144,100,7.142857142857143,18.14920674182028,74.82484752950927,56.67564078768899,79.09225640352915,89.46918069859123,88.96442272541596
1607299200,602.98,602.98,530.36,590.71,625801.2426829499,406943.06354952254,625801.2426829499,406943.06354952254,76.64190376523774,4036568.371639599,5312366.728205004,5312366.728205004,4036568.371639599,54.58062568277796,92.85714285714286,0,17.966067970859626,79.13322575126352,61.1671577804039,76.64190376523774,85.73148519741922,86.73806769448687
1607904000,590.5,676.94,575.59,638.49,616356.50369368,406708.15222639655,616356.50369368,406708.15222639655,79.43025251285525,4652924.875333279,5461058.55371374,5461058.55371374,4652924.875333279,55.71984113555043,100,14.285714285714286,19.401027842163245,85.41844258310795,66.0174147409447,79.43025251285525,89.43507171511786,88.21191253704275
1608508800,637.88,714.99,550,683.6,642218.9562269399,421443.70780555456,642218.9562269399,421443.70780555456,81.65663611432863,5295143.83156022,5858908.117420361,5858908.117420361,5295143.83156022,56.96470167395616,100,7.142857142857143,21.560345597775694,92.96784673816433,71.40750114038863,81.65663611432863,92.19134804348367,89.11930165200688
1609113600,683.85,1014.7,680.67,979.33,811232.81990696,438966.4103505836,811232.81990696,438966.4103505836,89.60214824461843,6106376.65146718,6498340.1718864385,6498340.1718864385,6106376.65146718,58.94491380802936,100,0,40.00532435443208,121.41415658342873,81.40883222899666,89.60214824461843,94.81203338369247,92.14615104743132
1609718400,980.23,1352.85,890,1256,1578599.4430416902,500186.30147264653,1578599.4430416902,500186.30147264653,92.76122086572782,7684976.09450887,7416305.0419192165,7416305.0419192165,7684976.09450887,61.158881535907994,100,7.142857142857143,66.38337875674003,164.3880556749217,98.00467691818167,92.76122086572782,90.50415718879914,92.50251287199173
1610323200,1258.23,1293.18,911,1232.95,1136487.76189557,541020.5980974331,1136487.76189557,541020.5980974331,90.29974238877956,6548488.3326133,8194581.186781084,8194581.186781084,6548488.3326133,63.21470871179529,92.85714285714286,0,77.07221873749657,194.34495034005238,117.27273160255581,90.29974238877956,87.90733325937208,91.07450794395454
1610928000,1233.23,1440,1041.22,1393.5,974994.6286390501,550071.1884294166,974994.6286390501,550071.1884294166,91.91002106243586,7523482.961252349,8942196.05599531,8942196.05599531,7523482.961252349,65.22952921281639,100,0,88.90829631546904,228.40810199689213,139.49980568142308,91.91002106243586,95.67743434812921,91.36297493210013
1611532800,1393.86,1476.06,1205.98,1314.17,777943.4915003099,570139.2851858797,777943.4915003099,570139.2851858797,84.4501704369998,6745539.46975204,8787517.570014983,8787517.570014983,6745539.46975204,67.12340955242696,100,0,85.33175226067911,246.16449600727196,160.83274374659285,84.4501704369998,85.35766938306668,89.64747899685597
1612137600,1313.19,1764.55,1271.8,1615.44,627265.68321763,585946.0335792936,627265.68321763,585946.0335792936,88.32550020350433,7372805.15296967,9035152.25972848,9035152.25972848,7372805.15296967,69.02601585773841,100,7.142857142857143,96.37687843264669,281.3038417874012,184.92696335475452,88.32550020350433,89.30436404326744,90.1131559248211
1612742400,1615.77,1874.98,1566.21,1802,531039.4701860601,593534.3160960062,531039.4701860601,593534.3160960062,89.98927943491353,7903844.62315573,9315161.7688809,9315161.7688809,7903844.62315573,70.83348540102217,100,0,108.46739385127051,320.51120566884265,212.04381181757213,89.98927943491353,94.93447720584152,89.86550354405853
1613347200,1803.43,2040.62,1660,1935.24,489588.84408938995,606575.6369592027,489588.84408938995,606575.6369592027,90.97817943377892,8393433.46724512,9533651.498945069,9533651.498945069,8393433.46724512,72.563974521127,100,0,116.92935723422676,358.20550836035557,241.2761511261288,90.97817943377892,93.39190197590786,92.54358107500559
1613952000,1936.27,1937.11,1293.42,1421.77,759308.0993569,634994.6140033283,759308.0993569,634994.6140033283,64.52490034090187,7634125.367888221,9077151.256017376,9077151.256017376,7634125.367888221,70.90000763178253,92.85714285714286,0,81.1353973696597,342.69539783820346,261.56000046854376,64.52490034090187,60.32707644177758,82.8844852078423
1614556800,1424.29,1735,1413.44,1727.3,415210.47574589,645266.6641509603,415210.47574589,645266.6641509603,70.09658500262704,8049335.843634111,9472476.667307219,9472476.667307219,8049335.843634111,69.35489552024839,85.71428571428571,0,71.5608034001275,351.01100471870313,279.45020131857564,70.09658500262704,79.2539033014183,77.65762723970123
1615161600,1729.6,1943.32,1665.76,1848.37,363907.99292084,650223.5654888519,363907.99292084,650223.5654888519,71.97493654181037,8413243.83655495,9587407.401777029,9587407.401777029,8413243.83655495,68.40568753010068,78.57142857142857,7.142857142857143,66.98700824320747,363.183961622585,296.19695337937753,71.97493654181037,87.27040377153602,75.61712783824395
1615766400,1847.52,1890,1711.89,1783.59,321052.59604939,654591.3446339018,321052.59604939,654591.3446339018,69.46082183170904,8092191.24050556,9524840.810294943,9524840.810294943,8092191.24050556,67.52428011067781,71.42857142857143,0,53.7741930380468,363.41469467693605,309.64050163888925,69.46082183170904,82.7568394359394,83.09371550296454
1616371200,1783.99,1808.34,1520,1686.5,336718.71186947,654394.956468703,336718.71186947,654394.956468703,65.75365655878164,7755472.52863609,9576994.024112279,9576994.024112279,7755472.52863609,65.30996034069487,64.28571428571429,7.142857142857143,33.65473405719251,351.7089192103799,318.0541851531874,65.75365655878164,76.243442326012,82.09022851116246
1616976000,1686.84,2144.99,1676.32,2075.74,299922.55492577,655831.6222086244,299922.55492577,655831.6222086244,72.16706239871432,8055395.08356186,9788284.334906315,9788284.334906315,8055395.08356186,64.12124099838614,100,0,41.2207583451397,369.58013308461204,328.35937473947234,72.16706239871432,95.27084243881119,84.75704140025418
1617580800,2077.1,2197,1930,2148.15,215004.69097621998,642672.6071548813,215004.69097621998,642672.6071548813,73.17353896165348,8270399.77453808,9924615.024727566,9924615.024727566,8270399.77453808,63.13053978441715,100,0,45.42958281987353,385.14635326431426,339.7167704444407,73.17353896165348,96.26243305279267,89.25890593920526
1618185600,2150.76,2548.93,1951.66,2241.5,411763.97718293,628594.7728514619,411763.97718293,628594.7728514619,74.45597133127384,8682163.75172101,9912488.300869599,9912488.300869599,8682163.75172101,62.86280272981145,100,0,48.54634462937082,400.39970123115427,351.85335660178345,74.45597133127384,81.23057761931219,90.92128437030533
1618790400,2242.95,2645.97,2055,2321.81,630777.92270466,628259.7933406153,630777.92270466,628259.7933406153,75.53934710377699,9312941.674425669,9851275.187061602,9851275.187061602,9312941.674425669,62.764140352853474,100,0,49.8724076373004,414.1938661484089,364.3214585111085,75.53934710377699,79.79996884249883,85.76432650486788
1619395200,2323.31,2986.01,2306.75,2951.78,347617.97552104003,614350.6299825198,347617.97552104003,614350.6299825198,81.99147311435657,9660559.649946708,10163858.085286511,10163858.085286511,9660559.649946708,63.121562662995444,100,0,84.970928702778,470.53511938958104,385.56419068680304,81.99147311435657,98.07699870226907,86.36918172136001
1620000000,2951.93,3985,2951.93,3928.05,541659.6519761201,610615.7873966418,541659.6519761201,610615.7873966418,87.49598699749366,10202219.301922828,10645797.646310342,10645797.646310342,10202219.301922828,64.23744727766054,100,0,161.30384077137126,587.1939916510171,425.89015087964583,87.49598699749366,97.90100250626567,91.92599001701116
1620604800,3929.72,4380.64,3340.99,3585.36,566300.03018358,606819.8410944738,566300.03018358,606819.8410944738,78.4332913801142,9635919.271739248,10345715.55173194,10345715.55173194,9635919.271739248,65.4661726681469,100,0,174.939582942546,644.5646295578283,469.6250466152823,78.4332913801142,74.23960715465694,90.07253612106388
1621209600,3582.29,3590.32,1730,2098.33,943985.86376248,613457.4932872498,943985.86376248,613457.4932872498,52.85155532261666,8691933.407976769,9775534.531436857,9775534.531436857,8691933.407976769,61.9756131571233,92.85714285714286,14.285714285714286,75.1353174221664,563.5441933929903,488.40887597082394,52.85155532261666,26.072323967841612,66.07097787625472
1621814400,2101.62,2915.31,2084.57,2389.91,508360.6066853,559945.5514694303,508360.6066853,559945.5514694303,55.889594097235594,9200294.014662068,9640871.658447513,9640871.658447513,9200294.014662068,58.73437932545854,85.71428571428571,7.142857142857143,22.79644375220039,516.9044306610745,494.10798690887407,55.889594097235594,35.51706713483327,45.27633275244392
1622419200,2383.08,2890.6,2275,2710.48,290740.37942364,517658.1823458338,290740.37942364,517658.1823458338,59.01629933686843,9491034.394085709,9761475.075097319,9761475.075097319,9491034.394085709,55.724662196055554,78.57142857142857,0,4.7497647478089675,500.0451928436353,495.2954280958263,59.01629933686843,43.712590994877324,35.10066069918404
1623024000,2711.66,2850,2252.58,2510.53,321619.61530747,484989.43167925486,321619.61530747,484989.43167925486,56.33404451607047,9169414.778778238,9717588.97982119,9717588.97982119,9169414.778778238,52.87850970934292,71.42857142857143,0,-24.086390301286144,465.1874402192186,489.27383052050476,56.33404451607047,34.62616757089323,37.951941900201255
1623628800,2511.66,2641.49,2040.91,2242.6,226295.02200733998,457407.00820460636,226295.02200733998,457407.00820460636,52.86671583177976,8943119.756770898,9643285.176264882,9643285.176264882,8943119.756770898,49.746808097338416,64.28571428571429,14.285714285714286,-62.45696804180727,411.20262046824564,473.6595885100529,52.86671583177976,25.260081660048094,34.532946741939526
1624233600,2244.46,2258.06,1700,1983.22,432932.27643256995,447690.3378653534,432932.27643256995,447690.3378653534,49.678881701478105,8510187.480338328,9649786.220017355,9649786.220017355,8510187.480338328,46.271806242745434,57.142857142857146,7.142857142857143,-104.10409503376621,343.52946971784513,447.63356475161135,49.678881701478105,16.192879914984058,25.359709715308437
1624838400,1984.3,2389,1962.08,2324.49,242391.86029937002,433257.9573710188,242391.86029937002,433257.9573710188,53.639876549961336,8752579.340637697,9818924.548470419,9818924.548470419,8752579.340637697,43.15560863757764,50,0,-107.05233434093111,313.81814682544746,420.87048116637857,53.639876549961336,23.967947580168016,21.80696971840003
1625443200,2321.98,2410,2050,2138.96,161595.85811717002,416858.30807240785,161595.85811717002,416858.30807240785,51.276811270455795,8590983.482520526,9737192.954453824,9737192.954453824,8590983.482520526,40.30616786087262,42.857142857142854,0,-118.96546036781308,272.1636557066122,391.12911607442527,51.276811270455795,16.37519398352632,18.845340492892774
1626048000,2140.43,2168.82,1845.13,1890.99,149044.10883516,386345.1085463208,149044.10883516,386345.1085463208,48.219230715908,8441939.373685366,9630381.61667233,9630381.61667233,8441939.373685366,37.655493703712494,35.714285714285715,78.57142857142857,-139.58672654041794,216.64570789890286,356.2324344393208,48.219230715908,7.12479109466396,15.822644219452743
1626652800,1886.86,2200.11,1717.17,2194,212736.01736355003,376221.3856272038,212736.01736355003,376221.3856272038,51.98679038583429,8654675.391048916,9837734.700064408,9837734.700064408,8654675.391048916,35.47336831702042,28.571428571428573,71.42857142857143,-129.10468260832442,194.85158117891524,323.95626378723966,51.98679038583429,18.42843500059687,13.976140026262362
1627257600,2192.07,2699,2150.62,2556.3,217233.8189104,368887.67692668183,217233.8189104,368887.67692668183,56.099752124584356,8871909.209959315,9941910.909439398,9941910.909439398,8871909.209959315,33.54107270238858,21.428571428571427,64.28571428571429,-95.59916756292705,204.45730433358085,300.0564718965079,56.099752124584356,31.943864151844338,19.165696749035035
1627862400,2556.17,3190,2442.58,3015.33,344427.18364386004,370056.4063064053,344427.18364386004,370056.4063064053,60.6939599961441,9216336.393603176,10125354.72050272,10125354.72050272,9216336.393603176,32.61801779505374,14.285714285714286,57.142857142857146,-43.02842886470353,246.2709358156285,289.299364680332,60.6939599961441,49.06775993792527,33.14668636345547
1628467200,3016.27,3333.33,2893.21,3311.44,360042.05721244996,371222.5735735543,360042.05721244996,371222.5735735543,63.357878688070755,9576378.450815625,10449582.360590838,10449582.360590838,9576378.450815625,31.98876164459266,7.142857142857143,50,8.43707437672856,299.8457076512427,291.40863327451416,63.357878688070755,60.1140026262385,47.04187557200268
1629072000,3312.52,3340.06,2951.97,3241.55,197888.37826086002,366120.86474030884,197888.37826086002,366120.86474030884,62.28490000366137,9378490.072554765,10547009.587353451,10547009.587353451,9378490.072554765,31.415489273830104,0,42.857142857142854,33.13543596677084,332.8279282329777,299.69249226620684,62.28490000366137,81.54968470946719,63.577149091210295
1629676800,3242.33,3381.44,3055,3225.34,160874.88656626,363414.37451981084,160874.88656626,363414.37451981084,62.022542981483866,9217615.185988504,10554027.288568692,10554027.288568692,9217615.185988504,30.955131847175764,0,35.714285714285715,43.11215264132596,353.5826830678643,310.47053042653835,62.022542981483866,90.7162907983633,77.4599927113563
1630281600,3225.09,4025,3144.44,3951.48,162647.25913193,350958.5386172608,162647.25913193,350958.5386172608,68.43639027401076,9380262.445120435,10689514.952689767,10689514.952689767,9380262.445120435,31.501023061971793,100,28.571428571428573,90.6154129331689,423.7397965929995,333.1243836598306,68.43639027401076,96.8378494623656,89.70127499006533
1630886400,3952.95,3973.53,3015,3406.08,205682.02476426004,329703.7437202408,205682.02476426004,329703.7437202408,60.21114134281039,9174580.420356175,10651669.357134413,10651669.357134413,9174580.420356175,31.633202635793978,92.85714285714286,21.428571428571427,77.79614124805119,430.36956021989454,352.57341897184335,60.21114134281039,73.37978494623655,86.97797506898847
1631491200,3401.64,3677,3111.72,3328.81,178713.78908248,321258.5343983128,178713.78908248,321258.5343983128,59.12689616406869,8995866.631273694,10610221.972212404,10610221.972212404,8995866.631273694,31.755940811486,85.71428571428571,14.285714285714286,57.53753238651291,424.49533445498446,366.95780206847155,59.12689616406869,70.05634408602151,80.09132616487453
1632096000,3334.57,3347.2,2650,3064.32,286944.90765033,308522.7971820233,286944.90765033,308522.7971820233,55.4463948180006,8708921.723623365,10664318.413207183,10664318.413207183,8708921.723623365,30.580328657274336,78.57142857142857,7.142857142857143,21.59899816409279,393.95654977358754,372.35755160949475,55.4463948180006,58.680430107526895,67.3721863799283
1632700800,3058.18,3491,2782.48,3417.43,197183.94007146003,290066.9926764173,197183.94007146003,290066.9926764173,59.10625293649769,8906105.663694825,10820552.70479714,10820552.70479714,8906105.663694825,29.751489681191824,71.42857142857143,0,17.081108533602332,393.70893727649764,376.6278287428953,59.10625293649769,73.67353747893041,67.47010389082625
1633305600,3419.76,3674.93,3272,3422,123083.07134353,249021.85305546978,123083.07134353,249021.85305546978,59.1530191519144,9029188.735038355,10789110.666394962,10789110.666394962,9029188.735038355,29.308577958731867,64.28571428571429,21.428571428571427,10.211965605672333,389.3927857499857,379.1808201443134,59.1530191519144,73.87155899697984,68.74184219447903
1633910400,3415.01,3971.8,3370.01,3844.97,165749.68825853002,231891.30713413126,165749.68825853002,231891.30713413126,63.33260651109316,9194938.423296886,10884995.342068274,10884995.342068274,9194938.423296886,29.38526874172397,57.142857142857146,14.285714285714286,28.90722989128284,415.31485750841694,386.4076276171341,63.33260651109316,92.19916544979482,79.914753975235
1634515200,3845.78,4375,3675.4,4082.17,164033.8931859,225555.98282224423,164033.8931859,225555.98282224423,65.4666439508313,9358972.316482786,10911710.639080282,10911710.639080282,9358972.316482786,30.031294873124565,100,7.142857142857143,50.72443987549883,449.8131774615076,399.0887375860088,65.4666439508313,88.98236531305614,85.01769658661026
1635120000,4089.21,4460,3893.16,4411.96,109615.1391303,214955.75901338574,109615.1391303,214955.75901338574,68.23474431291551,9468587.455613086,11002745.892232813,11002745.892232813,9468587.455613086,30.74363970054521,100,0,79.14799697676142,498.02373380696054,418.8757368301991,68.23474431291551,97.91978799504629,93.03377291929905